GENE,GWAS,LOC_NUM
ADAM15,META5,1
ADAR,META5,1
AQP10,META5,1
ARHGEF2,META5,1
ASH1L,META5,1
ASH1L-AS1,META5,1
ATP8B2,META5,1
C1orf189,META5,1
C1orf43,META5,1
CHRNB2,META5,1
CKS1B,META5,1
CLK2,META5,1
CREB3L4,META5,1
CRTC2,META5,1
DAP3,META5,1
DCST1,META5,1
DCST1-AS1,META5,1
DCST2,META5,1
DENND4B,META5,1
DPM3,META5,1
EFNA1,META5,1
EFNA3,META5,1
EFNA4,META5,1
FAM189B,META5,1
FDPS,META5,1
FLAD1,META5,1
GBA,META5,1
GBAP1,META5,1
GON4L,META5,1
HAX1,META5,1
HCN3,META5,1
IL6R,META5,1
IL6R-AS1,META5,1
JTB,META5,1
KCNN3,META5,1
KHDC4,META5,1
KRTCAP2,META5,1
LAMTOR2,META5,1
LENEP,META5,1
LMNA,META5,1
LOC101928120,META5,1
MEX3A,META5,1
MIR190B,META5,1
MIR4258,META5,1
MIR555,META5,1
MIR5698,META5,1
MIR6737,META5,1
MIR6738,META5,1
MIR92B,META5,1
MSTO1,META5,1
MSTO2P,META5,1
MTX1,META5,1
MUC1,META5,1
NUP210L,META5,1
PBXIP1,META5,1
PKLR,META5,1
PMF1,META5,1
PMF1-BGLAP,META5,1
PMVK,META5,1
POU5F1P4,META5,1
PYGO2,META5,1
RAB13,META5,1
RAB25,META5,1
RIT1,META5,1
RPS27,META5,1
RUSC1,META5,1
RUSC1-AS1,META5,1
RXFP4,META5,1
SCAMP3,META5,1
SCARNA26A,META5,1
SCARNA26B,META5,1
SCARNA4,META5,1
SEMA4A,META5,1
SHC1,META5,1
SHE,META5,1
SLC25A44,META5,1
SLC39A1,META5,1
SLC50A1,META5,1
SNORA58B,META5,1
SNORA80E,META5,1
SSR2,META5,1
SYT11,META5,1
TDRD10,META5,1
THBS3,META5,1
TPM3,META5,1
TRIM46,META5,1
UBAP2L,META5,1
UBE2Q1,META5,1
UBE2Q1-AS1,META5,1
UBQLN4,META5,1
YY1AP1,META5,1
ZBTB7B,META5,1
ADAMTS4,META5,2
APOA2,META5,2
ARHGAP30,META5,2
ATF6,META5,2
B4GALT3,META5,2
C1orf226,META5,2
CD244,META5,2
CD48,META5,2
CD84,META5,2
CFAP126,META5,2
DEDD,META5,2
DUSP12,META5,2
F11R,META5,2
FCER1G,META5,2
FCGR2A,META5,2
FCGR2B,META5,2
FCGR2C,META5,2
FCGR3A,META5,2
FCGR3B,META5,2
FCRLA,META5,2
FCRLB,META5,2
HSPA6,META5,2
HSPA7,META5,2
ITLN1,META5,2
ITLN2,META5,2
KLHDC9,META5,2
LOC101928372,META5,2
LOC112543491,META5,2
LY9,META5,2
MIR4654,META5,2
MIR5187,META5,2
MIR556,META5,2
MPZ,META5,2
NDUFS2,META5,2
NECTIN4,META5,2
NIT1,META5,2
NOS1AP,META5,2
NR1I3,META5,2
OLFML2B,META5,2
PCP4L1,META5,2
PFDN2,META5,2
PPOX,META5,2
RPL31P11,META5,2
SDHC,META5,2
SH2D1B,META5,2
SLAMF1,META5,2
SLAMF6,META5,2
SLAMF7,META5,2
SPATA46,META5,2
TOMM40L,META5,2
TSTD1,META5,2
UFC1,META5,2
UHMK1,META5,2
USF1,META5,2
USP21,META5,2
C1orf105,META5,3
DNM3,META5,3
DNM3-IT1,META5,3
DNM3OS,META5,3
EEF1AKNMT,META5,3
FASLG,META5,3
FMO1,META5,3
FMO2,META5,3
FMO3,META5,3
FMO4,META5,3
FMO6P,META5,3
MIR1295A,META5,3
MIR1295B,META5,3
MIR199A2,META5,3
MIR214,META5,3
MIR3120,META5,3
MROH9,META5,3
MYOC,META5,3
MYOCOS,META5,3
PIGC,META5,3
PRRC2C,META5,3
SUCO,META5,3
TOP1P1,META5,3
VAMP4,META5,3
AVPR1B,META5,4
BLACAT1,META5,4
CDK18,META5,4
CNTN2,META5,4
CTSE,META5,4
DSTYK,META5,4
ELK4,META5,4
FAM72A,META5,4
FAM72C,META5,4
IKBKE,META5,4
KLHDC8A,META5,4
LEMD1,META5,4
LEMD1-AS1,META5,4
LEMD1-DT,META5,4
LOC284581,META5,4
MFSD4A,META5,4
MFSD4A-AS1,META5,4
MIR135B,META5,4
MIR6769B,META5,4
NFASC,META5,4
NUAK2,META5,4
NUCKS1,META5,4
PM20D1,META5,4
RAB29,META5,4
RASSF5,META5,4
RBBP5,META5,4
RHEX,META5,4
SLC26A9,META5,4
SLC41A1,META5,4
SLC45A3,META5,4
SRGAP2,META5,4
SRGAP2D,META5,4
TMCC2,META5,4
TMEM81,META5,4
ACBD3,META5,5
ACBD3-AS1,META5,5
CDC42BPA,META5,5
COQ8A,META5,5
EPHX1,META5,5
H3F3A,META5,5
H3F3AP4,META5,5
ITPKB,META5,5
ITPKB-IT1,META5,5
LEFTY1,META5,5
LEFTY2,META5,5
LIN9,META5,5
LINC01703,META5,5
MIR6741,META5,5
MIXL1,META5,5
PARP1,META5,5
PSEN2,META5,5
PYCR2,META5,5
SDE2,META5,5
SNAP47,META5,5
SRP9,META5,5
STUM,META5,5
TMEM63A,META5,5
ZNF678,META5,5
ZNF847P,META5,5
DISC1,META5,6
DISC1-IT1,META5,6
DISC2,META5,6
LINC00582,META5,6
LINC01744,META5,6
LINC01745,META5,6
MAP10,META5,6
MAP3K21,META5,6
NTPCR,META5,6
PCNX2,META5,6
SIPA1L2,META5,6
TSNAX,META5,6
TSNAX-DISC1,META5,6
GEN1,META5,7
KCNS3,META5,7
MSGN1,META5,7
NT5C1B,META5,7
NT5C1B-RDH14,META5,7
RAD51AP2,META5,7
RDH14,META5,7
SMC6,META5,7
VSNL1,META5,7
ADRA2B,META5,8
ANKRD20A8P,META5,8
ANKRD36C,META5,8
ASTL,META5,8
CIAO1,META5,8
DUSP2,META5,8
FAHD2A,META5,8
FAHD2CP,META5,8
FAM95A,META5,8
GPAT2,META5,8
ITPRIPL1,META5,8
KCNIP3,META5,8
LINC00342,META5,8
LOC442028,META5,8
MAL,META5,8
MRPS5,META5,8
PROM2,META5,8
SNORA112,META5,8
SNRNP200,META5,8
STARD7,META5,8
STARD7-AS1,META5,8
TEKT4,META5,8
TMEM127,META5,8
TRIM43,META5,8
TRIM43B,META5,8
ZNF2,META5,8
ZNF514,META5,8
CNOT11,META5,9
CREG2,META5,9
IL18R1,META5,9
IL18RAP,META5,9
IL1R1,META5,9
IL1R2,META5,9
IL1RL1,META5,9
IL1RL2,META5,9
LINC01127,META5,9
LOC101927142,META5,9
MAP4K4,META5,9
MFSD9,META5,9
MIR4772,META5,9
MIR5696,META5,9
NPAS2,META5,9
RFX8,META5,9
RNF149,META5,9
RPL31,META5,9
SLC9A2,META5,9
SLC9A4,META5,9
SNORD89,META5,9
TBC1D8,META5,9
TBC1D8-AS1,META5,9
TMEM182,META5,9
ACMSD,META5,10
CCNT2,META5,10
CCNT2-AS1,META5,10
MAP3K19,META5,10
MGAT5,META5,10
MIR128-1,META5,10
MIR3679,META5,10
MIR5590,META5,10
R3HDM1,META5,10
RAB3GAP1,META5,10
SNORA40B,META5,10
TMEM163,META5,10
ZRANB3,META5,10
ABCB11,META5,11
B3GALT1,META5,11
CERS6,META5,11
CERS6-AS1,META5,11
DHRS9,META5,11
G6PC2,META5,11
LOC105616981,META5,11
LRP2,META5,11
MIR4774,META5,11
NOSTRIN,META5,11
SPC25,META5,11
STK39,META5,11
XIRP2,META5,11
KCNH8,META5,12
LOC105376975,META5,12
LOC339862,META5,12
MIR4791,META5,12
SATB1,META5,12
SATB1-AS1,META5,12
TBC1D5,META5,12
AZI2,META5,13
CMC1,META5,13
EOMES,META5,13
LINC00693,META5,13
LINC01980,META5,13
LINC01981,META5,13
RBMS3,META5,13
RBMS3-AS3,META5,13
ZCWPW2,META5,13
AMT,META5,14
APEH,META5,14
ARIH2,META5,14
ARIH2OS,META5,14
ATRIP,META5,14
ATRIP-TREX1,META5,14
BSN,META5,14
BSN-DT,META5,14
C3orf62,META5,14
C3orf84,META5,14
CAMP,META5,14
CCDC36,META5,14
CCDC51,META5,14
CCDC71,META5,14
CDC25A,META5,14
CELSR3,META5,14
COL7A1,META5,14
DAG1,META5,14
DALRD3,META5,14
DHX30,META5,14
FBXW12,META5,14
FCF1P2,META5,14
GPX1,META5,14
IMPDH2,META5,14
IP6K2,META5,14
KLHDC8B,META5,14
LAMB2,META5,14
LAMB2P1,META5,14
LINC02585,META5,14
MAP4,META5,14
MIR1226,META5,14
MIR191,META5,14
MIR2115,META5,14
MIR425,META5,14
MIR4271,META5,14
MIR4443,META5,14
MIR4793,META5,14
MIR6823,META5,14
MIR6824,META5,14
MIR6890,META5,14
MIR711,META5,14
MST1,META5,14
NCKIPSD,META5,14
NDUFAF3,META5,14
NICN1,META5,14
NME6,META5,14
P4HTM,META5,14
PFKFB4,META5,14
PLXNB1,META5,14
PRKAR2A,META5,14
PRKAR2A-AS1,META5,14
QARS,META5,14
QRICH1,META5,14
RHOA,META5,14
RNF123,META5,14
SHISA5,META5,14
SLC25A20,META5,14
SLC26A6,META5,14
SMARCC1,META5,14
SNORA94,META5,14
SPINK8,META5,14
TCTA,META5,14
TMA7,META5,14
TMEM89,META5,14
TREX1,META5,14
UCN2,META5,14
UQCRC1,META5,14
USP19,META5,14
USP4,META5,14
WDR6,META5,14
ZNF589,META5,14
ADCY5,META5,15
ARGFX,META5,15
CASR,META5,15
CCDC58,META5,15
CD86,META5,15
CSTA,META5,15
DTX3L,META5,15
EAF2,META5,15
FAM162A,META5,15
FBXO40,META5,15
GOLGB1,META5,15
HCLS1,META5,15
HSPBAP1,META5,15
ILDR1,META5,15
IQCB1,META5,15
KPNA1,META5,15
LINC02035,META5,15
LOC102723582,META5,15
MIR7110,META5,15
PARP14,META5,15
PARP15,META5,15
PARP9,META5,15
PDIA5,META5,15
POLQ,META5,15
SEC22A,META5,15
SEMA5B,META5,15
SLC15A2,META5,15
SLC49A4,META5,15
WDR5B,META5,15
AADAC,META5,16
AADACL2,META5,16
AADACL2-AS1,META5,16
AADACP1,META5,16
CLRN1,META5,16
CLRN1-AS1,META5,16
EIF2A,META5,16
ERICH6,META5,16
ERICH6-AS1,META5,16
GPR171,META5,16
GPR87,META5,16
IGSF10,META5,16
LOC101928105,META5,16
LOC101928166,META5,16
MBNL1,META5,16
MBNL1-AS1,META5,16
MED12L,META5,16
MINDY4B,META5,16
MIR5186,META5,16
P2RY12,META5,16
P2RY13,META5,16
P2RY14,META5,16
SELENOT,META5,16
SERP1,META5,16
SIAH2,META5,16
SUCNR1,META5,16
TMEM14EP,META5,16
TSC22D2,META5,16
ARL14,META5,17
B3GALNT1,META5,17
IFT80,META5,17
KPNA4,META5,17
LINC02067,META5,17
MIR15B,META5,17
MIR16-2,META5,17
NMD3,META5,17
OTOL1,META5,17
PPM1L,META5,17
SCARNA7,META5,17
SMC4,META5,17
SPTSSB,META5,17
TRIM59,META5,17
TRIM59-IFT80,META5,17
ABCC5,META5,18
ABCC5-AS1,META5,18
ATP11B,META5,18
B3GNT5,META5,18
DCUN1D1,META5,18
HTR3D,META5,18
KLHL24,META5,18
KLHL6,META5,18
KLHL6-AS1,META5,18
LAMP3,META5,18
LINC00888,META5,18
LINC01994,META5,18
LINC01995,META5,18
MAP6D1,META5,18
MCCC1,META5,18
MCF2L2,META5,18
MIR4448,META5,18
PARL,META5,18
SNORA63D,META5,18
SNORA63E,META5,18
YEATS2,META5,18
YEATS2-AS1,META5,18
ABCA11P,META5,19
ATP5ME,META5,19
CPLX1,META5,19
CRIPAK,META5,19
CTBP1,META5,19
CTBP1-AS,META5,19
CTBP1-DT,META5,19
DGKQ,META5,19
FAM53A,META5,19
FGFR3,META5,19
FGFRL1,META5,19
GAK,META5,19
IDUA,META5,19
LETM1,META5,19
LOC100129917,META5,19
LOC100130872,META5,19
LOC105374338,META5,19
LOC105374344,META5,19
MAEA,META5,19
MIR571,META5,19
MYL5,META5,19
NKX1-1,META5,19
NSD2,META5,19
PCGF3,META5,19
PDE6B,META5,19
PIGG,META5,19
RNF212,META5,19
SLBP,META5,19
SLC26A1,META5,19
SLC49A3,META5,19
SPON2,META5,19
TACC3,META5,19
TMED11P,META5,19
TMEM129,META5,19
TMEM175,META5,19
TMEM271,META5,19
UVSSA,META5,19
ZNF141,META5,19
ZNF595,META5,19
ZNF718,META5,19
ZNF721,META5,19
ZNF732,META5,19
ZNF876P,META5,19
BST1,META5,20
C1QTNF7,META5,20
CC2D2A,META5,20
CD38,META5,20
CPEB2,META5,20
CPEB2-DT,META5,20
FAM200B,META5,20
FBXL5,META5,20
FGFBP1,META5,20
FGFBP2,META5,20
LDB2,META5,20
LINC00504,META5,20
LOC101929095,META5,20
PROM1,META5,20
TAPT1,META5,20
TAPT1-AS1,META5,20
CLRN2,META5,21
DCAF16,META5,21
FAM184B,META5,21
LAP3,META5,21
LCORL,META5,21
LINC02493,META5,21
MED28,META5,21
NCAPG,META5,21
QDPR,META5,21
SNORA75B,META5,21
ART3,META5,22
CCDC158,META5,22
CCNG2,META5,22
CCNI,META5,22
CDKL2,META5,22
CXCL10,META5,22
CXCL11,META5,22
CXCL9,META5,22
FAM47E,META5,22
FAM47E-STBD1,META5,22
G3BP2,META5,22
LINC02483,META5,22
LOC101928809,META5,22
MIR4450,META5,22
MIR548AH,META5,22
NAAA,META5,22
NUP54,META5,22
ODAPH,META5,22
PPEF2,META5,22
RCHY1,META5,22
SCARB2,META5,22
SDAD1,META5,22
SEPTIN11,META5,22
SHROOM3,META5,22
SOWAHB,META5,22
STBD1,META5,22
THAP6,META5,22
USO1,META5,22
CCSER1,META5,23
FAM13A,META5,23
FAM13A-AS1,META5,23
GPRIN3,META5,23
HERC3,META5,23
MMRN1,META5,23
SNCA,META5,23
SNCA-AS1,META5,23
TIGD2,META5,23
ANK2,META5,24
ARSJ,META5,24
CAMK2D,META5,24
LARP7,META5,24
LOC105377372,META5,24
MIR1243,META5,24
MIR302A,META5,24
MIR302B,META5,24
MIR302C,META5,24
MIR302CHG,META5,24
MIR302D,META5,24
MIR367,META5,24
MIR8082,META5,24
NEUROG2,META5,24
ZGRF1,META5,24
AADAT,META5,25
CBR4,META5,25
CLCN3,META5,25
HPF1,META5,25
LINC01612,META5,25
LINC02275,META5,25
MFAP3L,META5,25
NEK1,META5,25
PALLD,META5,25
SH3RF1,META5,25
C5orf64,META5,26
C5orf64-AS1,META5,26
DEPDC1B,META5,26
ELOVL7,META5,26
ERCC8,META5,26
LINC02057,META5,26
LOC101928651,META5,26
NDUFAF2,META5,26
PART1,META5,26
PDE4D,META5,26
SMIM15,META5,26
SMIM15-AS1,META5,26
ZSWIM6,META5,26
C5orf30,META5,27
GIN1,META5,27
LINC00491,META5,27
LINC00492,META5,27
LINC02115,META5,27
NUDT12,META5,27
PAM,META5,27
PPIP5K2,META5,27
SLCO4C1,META5,27
SLCO6A1,META5,27
C5orf15,META5,28
C5orf24,META5,28
C5orf66,META5,28
C5orf66-AS1,META5,28
C5orf66-AS2,META5,28
CAMLG,META5,28
CATSPER3,META5,28
CDKL3,META5,28
CDKN2AIPNL,META5,28
CXCL14,META5,28
DCANP1,META5,28
DDX46,META5,28
H2AFY,META5,28
JADE2,META5,28
LINC01843,META5,28
LOC102546229,META5,28
LOC105379183,META5,28
LOC107986453,META5,28
MIR3661,META5,28
MIR5692C1,META5,28
NEUROG1,META5,28
PCBD2,META5,28
PITX1,META5,28
PPP2CA,META5,28
SAR1B,META5,28
SEC24A,META5,28
SKP1,META5,28
SLC25A48,META5,28
SLC25A48-AS1,META5,28
TCF7,META5,28
TIFAB,META5,28
TXNDC15,META5,28
UBE2B,META5,28
VDAC1,META5,28
WSPAR,META5,28
GPX5,META5,29
GPX6,META5,29
GUSBP2,META5,29
HIST1H1B,META5,29
HIST1H2AG,META5,29
HIST1H2AH,META5,29
HIST1H2AI,META5,29
HIST1H2AJ,META5,29
HIST1H2AK,META5,29
HIST1H2AL,META5,29
HIST1H2AM,META5,29
HIST1H2BJ,META5,29
HIST1H2BK,META5,29
HIST1H2BL,META5,29
HIST1H2BM,META5,29
HIST1H2BN,META5,29
HIST1H2BO,META5,29
HIST1H3H,META5,29
HIST1H3I,META5,29
HIST1H3J,META5,29
HIST1H4I,META5,29
HIST1H4J,META5,29
HIST1H4K,META5,29
HIST1H4L,META5,29
LINC00240,META5,29
LINC00533,META5,29
LINC01012,META5,29
LOC100131289,META5,29
LOC100270746,META5,29
MIR3143,META5,29
NKAPL,META5,29
OR1F12,META5,29
OR2B2,META5,29
OR2B6,META5,29
PGBD1,META5,29
POM121L2,META5,29
PRSS16,META5,29
TOB2P1,META5,29
VN1R10P,META5,29
ZBED9,META5,29
ZKSCAN3,META5,29
ZKSCAN4,META5,29
ZKSCAN8,META5,29
ZNF165,META5,29
ZNF184,META5,29
ZNF192P1,META5,29
ZNF204P,META5,29
ZNF391,META5,29
ZSCAN12,META5,29
ZSCAN12P1,META5,29
ZSCAN16,META5,29
ZSCAN16-AS1,META5,29
ZSCAN23,META5,29
ZSCAN26,META5,29
ZSCAN31,META5,29
ZSCAN9,META5,29
ABCF1,META5,30
ATAT1,META5,30
C6orf136,META5,30
C6orf15,META5,30
CDSN,META5,30
DDR1,META5,30
DHX16,META5,30
FLOT1,META5,30
GABBR1,META5,30
GNL1,META5,30
GTF2H4,META5,30
HCG17,META5,30
HCG18,META5,30
HCG20,META5,30
HCG21,META5,30
HCG22,META5,30
HCG4,META5,30
HCG4B,META5,30
HCG9,META5,30
HCP5B,META5,30
HLA-A,META5,30
HLA-E,META5,30
HLA-F,META5,30
HLA-F-AS1,META5,30
HLA-G,META5,30
HLA-H,META5,30
HLA-J,META5,30
HLA-L,META5,30
HLA-V,META5,30
IER3,META5,30
IER3-AS1,META5,30
IFITM4P,META5,30
LINC00243,META5,30
LINC01015,META5,30
LINC02569,META5,30
LINC02570,META5,30
LOC101929006,META5,30
MAS1L,META5,30
MDC1,META5,30
MDC1-AS1,META5,30
MIR4640,META5,30
MIR6891,META5,30
MIR877,META5,30
MOG,META5,30
MRPS18B,META5,30
MUC21,META5,30
MUC22,META5,30
MUCL3,META5,30
NRM,META5,30
OR10C1,META5,30
OR11A1,META5,30
OR12D1,META5,30
OR12D2,META5,30
OR12D3,META5,30
OR14J1,META5,30
OR2H1,META5,30
OR2H2,META5,30
OR2J2,META5,30
OR5V1,META5,30
PPP1R10,META5,30
PPP1R11,META5,30
PPP1R18,META5,30
PRR3,META5,30
PSORS1C1,META5,30
PSORS1C2,META5,30
RNF39,META5,30
RPP21,META5,30
SFTA2,META5,30
SNORD32B,META5,30
TRIM10,META5,30
TRIM15,META5,30
TRIM26,META5,30
TRIM31,META5,30
TRIM31-AS1,META5,30
TRIM39,META5,30
TRIM39-RPP21,META5,30
TRIM40,META5,30
TUBB,META5,30
UBD,META5,30
VARS2,META5,30
ZFP57,META5,30
ZNRD1,META5,30
ZNRD1ASP,META5,30
ABHD16A,META5,31
AGER,META5,31
AGPAT1,META5,31
AIF1,META5,31
APOM,META5,31
ATF6B,META5,31
B3GALT4,META5,31
BAG6,META5,31
BAK1,META5,31
BRD2,META5,31
BTNL2,META5,31
C2,META5,31
C2-AS1,META5,31
C4A,META5,31
C4B,META5,31
C4B_2,META5,31
C6orf47,META5,31
CFB,META5,31
CLIC1,META5,31
COL11A2,META5,31
CSNK2B,META5,31
CUTA,META5,31
CYP21A1P,META5,31
CYP21A2,META5,31
DAXX,META5,31
DDAH2,META5,31
DXO,META5,31
EGFL8,META5,31
EHMT2,META5,31
FKBPL,META5,31
GGNBP1,META5,31
GPANK1,META5,31
GPSM3,META5,31
HCG23,META5,31
HCG24,META5,31
HCG25,META5,31
HLA-DMA,META5,31
HLA-DMB,META5,31
HLA-DOA,META5,31
HLA-DOB,META5,31
HLA-DPA1,META5,31
HLA-DPB1,META5,31
HLA-DPB2,META5,31
HLA-DQA1,META5,31
HLA-DQA2,META5,31
HLA-DQB1,META5,31
HLA-DQB1-AS1,META5,31
HLA-DQB2,META5,31
HLA-DRA,META5,31
HLA-DRB1,META5,31
HLA-DRB5,META5,31
HLA-DRB6,META5,31
HSD17B8,META5,31
HSPA1A,META5,31
HSPA1B,META5,31
HSPA1L,META5,31
KIFC1,META5,31
LINC00336,META5,31
LOC100294145,META5,31
LOC100507547,META5,31
LOC110384692,META5,31
LSM2,META5,31
LY6G5B,META5,31
LY6G5C,META5,31
LY6G6C,META5,31
LY6G6D,META5,31
LY6G6E,META5,31
LY6G6F,META5,31
LY6G6F-LY6G6D,META5,31
MIR1234,META5,31
MIR1236,META5,31
MIR219A1,META5,31
MIR3135B,META5,31
MIR4646,META5,31
MIR5004,META5,31
MIR6721,META5,31
MIR6832,META5,31
MIR6833,META5,31
MIR6834,META5,31
MIR6873,META5,31
MPIG6B,META5,31
MSH5,META5,31
MSH5-SAPCD1,META5,31
NELFE,META5,31
NEU1,META5,31
NOTCH4,META5,31
PBX2,META5,31
PFDN6,META5,31
PHF1,META5,31
PPT2,META5,31
PPT2-EGFL8,META5,31
PRRC2A,META5,31
PRRT1,META5,31
PSMB8,META5,31
PSMB8-AS1,META5,31
PSMB9,META5,31
RGL2,META5,31
RING1,META5,31
RNF5,META5,31
RPS18,META5,31
RXRB,META5,31
SAPCD1,META5,31
SAPCD1-AS1,META5,31
SKIV2L,META5,31
SLC39A7,META5,31
SLC44A4,META5,31
SMIM40,META5,31
SNHG32,META5,31
SNORA38,META5,31
SNORD48,META5,31
SNORD52,META5,31
STK19,META5,31
SYNGAP1,META5,31
TAP1,META5,31
TAP2,META5,31
TAPBP,META5,31
TNXA,META5,31
TNXB,META5,31
TSBP1,META5,31
TSBP1-AS1,META5,31
VARS,META5,31
VPS52,META5,31
VWA7,META5,31
WDR46,META5,31
ZBTB12,META5,31
ZBTB22,META5,31
ZBTB9,META5,31
B3GAT2,META5,32
KCNQ5,META5,32
KCNQ5-IT1,META5,32
LINC00472,META5,32
LINC01626,META5,32
MIR30A,META5,32
MIR30C2,META5,32
OGFRL1,META5,32
RIMS1,META5,32
SMAP1,META5,32
CCN6,META5,33
FAM229B,META5,33
FYN,META5,33
GSTM2P1,META5,33
GTF3C6,META5,33
LAMA4,META5,33
LINC02527,META5,33
LOC101927640,META5,33
MFSD4B,META5,33
REV3L,META5,33
RFPL4B,META5,33
RPF2,META5,33
SLC16A10,META5,33
SNORD166,META5,33
TRAF3IP2,META5,33
TRAF3IP2-AS1,META5,33
TUBE1,META5,33
CCN2,META5,34
ENPP1,META5,34
EYA4,META5,34
LINC00326,META5,34
LINC01013,META5,34
LINC01312,META5,34
MIR548AJ1,META5,34
MOXD1,META5,34
RPS12,META5,34
SLC18B1,META5,34
SNORA33,META5,34
SNORD100,META5,34
SNORD101,META5,34
STX7,META5,34
TAAR1,META5,34
TAAR2,META5,34
TAAR3P,META5,34
TAAR5,META5,34
TAAR6,META5,34
TAAR8,META5,34
TAAR9,META5,34
TARID,META5,34
TCF21,META5,34
VNN1,META5,34
VNN2,META5,34
VNN3,META5,34
CCDC126,META5,35
CLK2P1,META5,35
FAM126A,META5,35
FAM221A,META5,35
GPNMB,META5,35
IGF2BP3,META5,35
IL6,META5,35
KLHL7,META5,35
KLHL7-DT,META5,35
LOC100506178,META5,35
LOC401312,META5,35
LOC541472,META5,35
MALSU1,META5,35
NUP42,META5,35
RAPGEF5,META5,35
RPS2P32,META5,35
SNHG26,META5,35
SNORD65C,META5,35
SNORD93,META5,35
STEAP1B,META5,35
STK31,META5,35
TOMM7,META5,35
TRA2A,META5,35
ASL,META5,36
CCT6P1,META5,36
CRCP,META5,36
GS1-124K5.11,META5,36
GS1-124K5.4,META5,36
GTF2IP23,META5,36
GTF2IRD1P1,META5,36
GUSB,META5,36
INTS4P2,META5,36
KCTD7,META5,36
LINC00174,META5,36
LINC01372,META5,36
LINC02604,META5,36
LOC100996437,META5,36
LOC101929322,META5,36
LOC441242,META5,36
MIR4650-1,META5,36
MIR4650-2,META5,36
PMS2P4,META5,36
RABGEF1,META5,36
SBDS,META5,36
SNORA15B-1,META5,36
SNORA15B-2,META5,36
SNORA22,META5,36
STAG3L4,META5,36
TMEM248,META5,36
TPST1,META5,36
TYW1,META5,36
VKORC1L1,META5,36
BLK,META5,37
C8orf49,META5,37
CTSB,META5,37
DEFB109A,META5,37
DEFB130A,META5,37
DEFB130B,META5,37
DEFB134,META5,37
DEFB135,META5,37
DEFB136,META5,37
FAM167A,META5,37
FAM167A-AS1,META5,37
FAM66A,META5,37
FAM66D,META5,37
FAM85A,META5,37
FAM86B1,META5,37
FAM86B2,META5,37
FAM90A25P,META5,37
FAM90A2P,META5,37
FDFT1,META5,37
GATA4,META5,37
LINC00208,META5,37
LINC00681,META5,37
LOC100129129,META5,37
LOC100506990,META5,37
LOC101929269,META5,37
LOC340357,META5,37
LOC392196,META5,37
LOC649352,META5,37
LOC729732,META5,37
LONRF1,META5,37
MIR3926-1,META5,37
MIR3926-2,META5,37
MIR5692A1,META5,37
MIR5692A2,META5,37
MIR598,META5,37
MTMR9,META5,37
NEIL2,META5,37
SLC35G5,META5,37
SNORA99,META5,37
TDH,META5,37
USP17L2,META5,37
USP17L7,META5,37
XKR6,META5,37
ZNF705D,META5,37
CNOT7,META5,38
FGF20,META5,38
MICU3,META5,38
MIR548V,META5,38
MSR1,META5,38
MTMR7,META5,38
MTUS1,META5,38
PDGFRL,META5,38
SLC7A2,META5,38
VPS37A,META5,38
ZDHHC2,META5,38
BIN3,META5,39
BIN3-IT1,META5,39
BMP1,META5,39
C8orf58,META5,39
CCAR2,META5,39
CHMP7,META5,39
DMTN,META5,39
DOK2,META5,39
EGR3,META5,39
ENTPD4,META5,39
FAM160B2,META5,39
FGF17,META5,39
GFRA2,META5,39
HR,META5,39
LGI3,META5,39
LOC100507071,META5,39
LOC100507156,META5,39
LOC101929237,META5,39
LOC107986876,META5,39
LOC254896,META5,39
LOC286059,META5,39
LOC389641,META5,39
LOXL2,META5,39
MIR320A,META5,39
NPM2,META5,39
NUDT18,META5,39
PDLIM2,META5,39
PEBP4,META5,39
PHYHIP,META5,39
PIWIL2,META5,39
POLR3D,META5,39
PPP3CC,META5,39
R3HCC1,META5,39
REEP4,META5,39
RHOBTB2,META5,39
SFTPC,META5,39
SLC25A37,META5,39
SLC39A14,META5,39
SORBS3,META5,39
TNFRSF10A,META5,39
TNFRSF10B,META5,39
TNFRSF10C,META5,39
TNFRSF10D,META5,39
XPO7,META5,39
ADCY8,META5,40
ASAP1,META5,40
ASAP1-IT1,META5,40
ASAP1-IT2,META5,40
CCDC26,META5,40
FAM49B,META5,40
GSDMC,META5,40
LINC00976,META5,40
LINC00977,META5,40
MIR3686,META5,40
MIR5194,META5,40
ADAMTSL1,META5,41
BNC2,META5,41
BNC2-AS1,META5,41
CNTLN,META5,41
MIR3152,META5,41
SH3GL2,META5,41
ANKRD18B,META5,42
ANXA2P2,META5,42
AQP3,META5,42
AQP7,META5,42
ARID3C,META5,42
B4GALT1,META5,42
B4GALT1-AS1,META5,42
BAG1,META5,42
C9orf131,META5,42
C9orf24,META5,42
CCL19,META5,42
CCL21,META5,42
CCL27,META5,42
CHMP5,META5,42
CNTFR,META5,42
CNTFR-AS1,META5,42
DCAF12,META5,42
DCTN3,META5,42
DNAI1,META5,42
DNAJB5,META5,42
DNAJB5-DT,META5,42
ENHO,META5,42
FAM205A,META5,42
FAM205BP,META5,42
FAM205C,META5,42
FAM219A,META5,42
GALT,META5,42
IL11RA,META5,42
KIF24,META5,42
LINC01251,META5,42
LOC730098,META5,42
MIR12117,META5,42
MIR6851,META5,42
MYORG,META5,42
NFX1,META5,42
NOL6,META5,42
NUDT2,META5,42
PHF24,META5,42
PRSS3,META5,42
PTENP1,META5,42
PTENP1-AS,META5,42
RPP25L,META5,42
SIGMAR1,META5,42
SMU1,META5,42
SNORD121A,META5,42
SNORD121B,META5,42
SPINK4,META5,42
SUGT1P1,META5,42
UBAP1,META5,42
UBAP2,META5,42
UBE2R2,META5,42
ACBD7,META5,43
ACBD7-DCLRE1CP1,META5,43
C1QL3,META5,43
CDNF,META5,43
DCLRE1C,META5,43
DCLRE1CP1,META5,43
FAM107B,META5,43
FAM171A1,META5,43
HSPA14,META5,43
ITGA8,META5,43
MEIG1,META5,43
MINDY3,META5,43
NMT2,META5,43
OLAH,META5,43
PPIAP30,META5,43
PTER,META5,43
RPP38,META5,43
RPP38-DT,META5,43
SUV39H2,META5,43
ACTR1A,META5,44
ARL3,META5,44
ARMH3,META5,44
AS3MT,META5,44
BORCS7,META5,44
BORCS7-ASMT,META5,44
BTRC,META5,44
C10orf95,META5,44
CNNM2,META5,44
CUEDC2,META5,44
CYP17A1,META5,44
DPCD,META5,44
ELOVL3,META5,44
FBXL15,META5,44
FBXW4,META5,44
FGF8,META5,44
GBF1,META5,44
HPS6,META5,44
KCNIP2,META5,44
KCNIP2-AS1,META5,44
LDB1,META5,44
LINC02681,META5,44
LOC107984265,META5,44
MFSD13A,META5,44
MIR146B,META5,44
MIR3158-1,META5,44
MIR3158-2,META5,44
NFKB2,META5,44
NOLC1,META5,44
NPM3,META5,44
NT5C2,META5,44
OGA,META5,44
PITX3,META5,44
POLL,META5,44
PPRC1,META5,44
PSD,META5,44
RPARP-AS1,META5,44
RPEL1,META5,44
SFXN2,META5,44
SUFU,META5,44
TRIM8,META5,44
WBP1L,META5,44
BAG3,META5,45
CACUL1,META5,45
EIF3A,META5,45
FAM45A,META5,45
GRK5,META5,45
INPP5F,META5,45
LINC01561,META5,45
MCMBP,META5,45
MIR4681,META5,45
MIR4682,META5,45
NANOS1,META5,45
PLPP4,META5,45
PRDX3,META5,45
RGS10,META5,45
RPL21,META5,45
SEC23IP,META5,45
SFXN4,META5,45
SNORA19,META5,45
TIAL1,META5,45
WDR11-AS1,META5,45
ADM,META5,46
AMPD3,META5,46
CAND1.11,META5,46
CSNK2A3,META5,46
CTR9,META5,46
EIF4G2,META5,46
GALNT18,META5,46
LINC02709,META5,46
LOC101928008,META5,46
LOC101928053,META5,46
LYVE1,META5,46
MIR4485,META5,46
MRVI1,META5,46
MRVI1-AS1,META5,46
MTRNR2L8,META5,46
RNF141,META5,46
SBF2,META5,46
SBF2-AS1,META5,46
SNORD97,META5,46
SWAP70,META5,46
WEE1,META5,46
ZBED5,META5,46
ZBED5-AS1,META5,46
ANKRD42,META5,47
CCDC90B,META5,47
DDIAS,META5,47
DLG2,META5,47
LOC100506282,META5,47
PCF11,META5,47
PCF11-AS1,META5,47
PRCP,META5,47
RAB30,META5,47
RAB30-DT,META5,47
SNORA70E,META5,47
ACAD8,META5,48
B3GAT1,META5,48
GLB1L2,META5,48
GLB1L3,META5,48
IGSF9B,META5,48
JAM3,META5,48
LINC02714,META5,48
LINC02731,META5,48
LINC02743,META5,48
LOC283177,META5,48
MIR4697,META5,48
MIR4697HG,META5,48
NCAPD3,META5,48
OPCML,META5,48
SNORD153,META5,48
SPATA19,META5,48
THYN1,META5,48
VPS26B,META5,48
ABCD2,META5,49
C12orf40,META5,49
CNTN1,META5,49
KIF21A,META5,49
LINC02471,META5,49
LRRK2,META5,49
MUC19,META5,49
PDZRN4,META5,49
SLC2A13,META5,49
ANO6,META5,50
ARID2,META5,50
DBX2,META5,50
LINC00938,META5,50
LOC100288798,META5,50
PLEKHA8P1,META5,50
RACGAP1P,META5,50
SCAF11,META5,50
SLC38A1,META5,50
SLC38A2,META5,50
SLC38A4,META5,50
ABCB9,META5,51
ARL6IP4,META5,51
ATP6V0A2,META5,51
B3GNT4,META5,51
BCL7A,META5,51
C12orf65,META5,51
CCDC62,META5,51
CDK2AP1,META5,51
CLIP1,META5,51
CLIP1-AS1,META5,51
DDX55,META5,51
DENR,META5,51
DIABLO,META5,51
DNAH10,META5,51
EIF2B1,META5,51
GTF2H3,META5,51
HCAR1,META5,51
HCAR2,META5,51
HCAR3,META5,51
HIP1R,META5,51
IL31,META5,51
KMT5A,META5,51
KNTC1,META5,51
LOC100506691,META5,51
LOC101593348,META5,51
LRRC43,META5,51
MIR3908,META5,51
MIR4304,META5,51
MIR8072,META5,51
MIR9902-1,META5,51
MIR9902-2,META5,51
MLXIP,META5,51
MPHOSPH9,META5,51
OGFOD2,META5,51
PITPNM2,META5,51
PITPNM2-AS1,META5,51
PSMD9,META5,51
RILPL1,META5,51
RILPL2,META5,51
RSRC2,META5,51
SBNO1,META5,51
SBNO1-AS1,META5,51
SNORA9B,META5,51
SNRNP35,META5,51
TCTN2,META5,51
TMED2,META5,51
TMED2-DT,META5,51
VPS33A,META5,51
VPS37B,META5,51
WDR66,META5,51
ZCCHC8,META5,51
ANHX,META5,52
ANKLE2,META5,52
CHFR,META5,52
DDX51,META5,52
EP400,META5,52
EP400P1,META5,52
FBRSL1,META5,52
GALNT9,META5,52
GOLGA3,META5,52
LINC02361,META5,52
LINC02414,META5,52
LOC100130238,META5,52
LOC101928416,META5,52
LOC101928530,META5,52
LOC101928597,META5,52
LRCOL1,META5,52
MIR6763,META5,52
MMP17,META5,52
NOC4L,META5,52
P2RX2,META5,52
PGAM5,META5,52
POLE,META5,52
PUS1,META5,52
PXMP2,META5,52
SFSWAP,META5,52
SNORA49,META5,52
ULK1,META5,52
ZNF10,META5,52
ZNF140,META5,52
ZNF26,META5,52
ZNF268,META5,52
ZNF605,META5,52
ZNF84,META5,52
ZNF891,META5,52
ARL11,META5,53
CAB39L,META5,53
CDADC1,META5,53
CTAGE10P,META5,53
CYSLTR2,META5,53
DLEU1,META5,53
DLEU2,META5,53
EBPL,META5,53
FNDC3A,META5,53
KCNRG,META5,53
KPNA3,META5,53
LINC00462,META5,53
LOC105370203,META5,53
LPAR6,META5,53
MIR15A,META5,53
MIR16-1,META5,53
MIR3613,META5,53
MLNR,META5,53
PHF11,META5,53
RB1,META5,53
RCBTB1,META5,53
RCBTB2,META5,53
SETDB2,META5,53
SETDB2-PHF11,META5,53
SPRYD7,META5,53
ST13P4,META5,53
TRIM13,META5,53
FARP1,META5,54
HS6ST3,META5,54
IPO5,META5,54
LINC00359,META5,54
LINC00456,META5,54
MBNL2,META5,54
MIR3170,META5,54
MIR4501,META5,54
OXGR1,META5,54
RAP2A,META5,54
RNF113B,META5,54
CLEC14A,META5,55
FOXA1,META5,55
LINC00517,META5,55
MIPOL1,META5,55
MIR4503,META5,55
NKX2-1,META5,55
NKX2-1-AS1,META5,55
NKX2-8,META5,55
PAX9,META5,55
SLC25A21,META5,55
SLC25A21-AS1,META5,55
SSTR1,META5,55
TTC6,META5,55
ATG14,META5,56
BMP4,META5,56
CDKN3,META5,56
CGRRF1,META5,56
CNIH1,META5,56
DLGAP5,META5,56
FBXO34,META5,56
GCH1,META5,56
GMFB,META5,56
KTN1,META5,56
KTN1-AS1,META5,56
LGALS3,META5,56
LINC00520,META5,56
MAPK1IP1L,META5,56
MIR4308,META5,56
MIR5580,META5,56
RPL13AP3,META5,56
SAMD4A,META5,56
SOCS4,META5,56
TBPL2,META5,56
WDHD1,META5,56
ABCD4,META5,57
ACYP1,META5,57
ALDH6A1,META5,57
AREL1,META5,57
BATF,META5,57
BBOF1,META5,57
COQ6,META5,57
DLST,META5,57
EIF2B2,META5,57
ENTPD5,META5,57
ERG28,META5,57
FAM161B,META5,57
FCF1,META5,57
FLVCR2,META5,57
FOS,META5,57
ISCA2,META5,57
JDP2,META5,57
LIN52,META5,57
LINC01220,META5,57
LOC102724153,META5,57
LTBP2,META5,57
MIR4709,META5,57
MLH3,META5,57
NEK9,META5,57
NPC2,META5,57
PGF,META5,57
PROX2,META5,57
RPS6KL1,META5,57
SYNDIG1L,META5,57
TMED10,META5,57
TTLL5,META5,57
VRTN,META5,57
VSX2,META5,57
YLPM1,META5,57
ZC2HC1C,META5,57
ZNF410,META5,57
EML5,META5,58
GALC,META5,58
GPR65,META5,58
KCNK10,META5,58
LINC01146,META5,58
LINC01147,META5,58
LINC02330,META5,58
PTPN21,META5,58
SPATA7,META5,58
TTC8,META5,58
ZC3H14,META5,58
C2CD4A,META5,59
C2CD4B,META5,59
GOLGA2P11,META5,59
LINC02349,META5,59
LOC101928907,META5,59
LOC107984784,META5,59
MGC15885,META5,59
MIR6085,META5,59
MIR8067,META5,59
RORA,META5,59
TLN2,META5,59
VPS13C,META5,59
ABCC6P1,META5,60
ARL6IP1,META5,60
CCP110,META5,60
CLEC19A,META5,60
COQ7,META5,60
GDE1,META5,60
GPR139,META5,60
GPRC5B,META5,60
IQCK,META5,60
ITPRIPL2,META5,60
KNOP1,META5,60
LOC100288162,META5,60
LOC102723385,META5,60
MIR3179-1,META5,60
MIR3179-2,META5,60
MIR3179-3,META5,60
MIR3179-4,META5,60
MIR3180-1,META5,60
MIR3180-2,META5,60
MIR3180-3,META5,60
MIR3670-1,META5,60
MIR3670-2,META5,60
MIR3670-3,META5,60
MIR3670-4,META5,60
MIR6511A1,META5,60
MIR6511A2,META5,60
MIR6511A3,META5,60
MIR6511A4,META5,60
MIR6770-1,META5,60
MIR6770-2,META5,60
MIR6770-3,META5,60
NOMO2,META5,60
NPIPA7,META5,60
NPIPA8,META5,60
PKD1P4-NPIPA8,META5,60
PKD1P5-LOC105376752,META5,60
RPS15A,META5,60
SMG1,META5,60
SYT17,META5,60
TMC5,META5,60
TMC7,META5,60
VPS35L,META5,60
APOBR,META5,61
ASPHD1,META5,61
ATP2A1,META5,61
ATP2A1-AS1,META5,61
ATXN2L,META5,61
BOLA2,META5,61
BOLA2B,META5,61
BOLA2-SMG1P6,META5,61
C16orf54,META5,61
CD19,META5,61
CDIPT,META5,61
CDIPTOSP,META5,61
CLN3,META5,61
EIF3C,META5,61
EIF3CL,META5,61
GSG1L,META5,61
IL27,META5,61
KCTD13,META5,61
KIF22,META5,61
LAT,META5,61
LOC388242,META5,61
LOC606724,META5,61
LOC613038,META5,61
MAZ,META5,61
MIR3680-1,META5,61
MIR3680-2,META5,61
MIR4517,META5,61
MIR4721,META5,61
MIR6862-1,META5,61
MIR6862-2,META5,61
MVP,META5,61
NFATC2IP,META5,61
NPIPB11,META5,61
NPIPB12,META5,61
NPIPB6,META5,61
NPIPB8,META5,61
NPIPB9,META5,61
NUPR1,META5,61
PAGR1,META5,61
PRRT2,META5,61
QPRT,META5,61
RABEP2,META5,61
RRN3P2,META5,61
SBK1,META5,61
SEZ6L2,META5,61
SGF29,META5,61
SH2B1,META5,61
SLX1A,META5,61
SLX1A-SULT1A3,META5,61
SLX1B,META5,61
SLX1B-SULT1A4,META5,61
SMG1P2,META5,61
SMG1P6,META5,61
SNX29P2,META5,61
SPN,META5,61
SPNS1,META5,61
SULT1A1,META5,61
SULT1A2,META5,61
SULT1A3,META5,61
SULT1A4,META5,61
TUFM,META5,61
XPO6,META5,61
ZG16,META5,61
AHSP,META5,62
ALDOA,META5,62
ARMC5,META5,62
BCKDK,META5,62
BCL7C,META5,62
BOLA2,META5,62
BOLA2B,META5,62
C16orf58,META5,62
C16orf92,META5,62
CCDC189,META5,62
CD2BP2,META5,62
CLUHP3,META5,62
CORO1A,META5,62
COX6A2,META5,62
CTF1,META5,62
DCTPP1,META5,62
DOC2A,META5,62
FBRS,META5,62
FBXL19,META5,62
FBXL19-AS1,META5,62
FRG2KP,META5,62
FUS,META5,62
GDPD3,META5,62
HIRIP3,META5,62
HSD3B7,META5,62
INO80E,META5,62
ITGAD,META5,62
ITGAL,META5,62
ITGAM,META5,62
ITGAX,META5,62
KAT8,META5,62
LINC02190,META5,62
LOC101928595,META5,62
LOC112694756,META5,62
LOC388242,META5,62
LOC606724,META5,62
LOC613038,META5,62
LOC730183,META5,62
MAPK3,META5,62
MIR4518,META5,62
MIR4519,META5,62
MIR762,META5,62
MIR762HG,META5,62
MYLPF,META5,62
NPIPB12,META5,62
NPIPB13,META5,62
ORAI3,META5,62
PHKG2,META5,62
PPP4C,META5,62
PRR14,META5,62
PRSS36,META5,62
PRSS53,META5,62
PRSS8,META5,62
PYCARD,META5,62
PYCARD-AS1,META5,62
PYDC1,META5,62
RNF40,META5,62
SEPHS2,META5,62
SEPTIN1,META5,62
SETD1A,META5,62
SLC5A2,META5,62
SLX1A,META5,62
SLX1A-SULT1A3,META5,62
SLX1B,META5,62
SLX1B-SULT1A4,META5,62
SMG1P5,META5,62
SNORA30,META5,62
SNORA80C,META5,62
SRCAP,META5,62
STX1B,META5,62
STX4,META5,62
SULT1A3,META5,62
SULT1A4,META5,62
TAOK2,META5,62
TBC1D10B,META5,62
TBX6,META5,62
TGFB1I1,META5,62
TLCD3B,META5,62
TMEM219,META5,62
TMEM265,META5,62
TRIM72,META5,62
VKORC1,META5,62
VN1R3,META5,62
YBX3P1,META5,62
YPEL3,META5,62
ZNF267,META5,62
ZNF48,META5,62
ZNF629,META5,62
ZNF646,META5,62
ZNF668,META5,62
ZNF688,META5,62
ZNF689,META5,62
ZNF720,META5,62
ZNF747,META5,62
ZNF764,META5,62
ZNF768,META5,62
ZNF771,META5,62
ZNF785,META5,62
ZNF843,META5,62
ADCY7,META5,63
BRD7,META5,63
CNEP1R1,META5,63
CYLD,META5,63
HEATR3,META5,63
LINC02127,META5,63
LINC02168,META5,63
LINC02178,META5,63
LOC101927272,META5,63
MIR3181,META5,63
MIR6771,META5,63
NKD1,META5,63
NOD2,META5,63
SALL1,META5,63
SNX20,META5,63
TENT4B,META5,63
ZNF423,META5,63
AKTIP,META5,64
C16orf97,META5,64
CASC16,META5,64
CASC22,META5,64
CHD9,META5,64
LINC00919,META5,64
LINC01571,META5,64
LINC02180,META5,64
LOC102723373,META5,64
LOC105371267,META5,64
LOC643802,META5,64
RBL2,META5,64
RPGRIP1L,META5,64
TOX3,META5,64
AKTIP,META5,65
C16orf97,META5,65
CASC16,META5,65
CASC22,META5,65
CHD9,META5,65
FTO,META5,65
LINC00919,META5,65
LINC02180,META5,65
LOC102723373,META5,65
LOC105371267,META5,65
LOC643802,META5,65
RBL2,META5,65
RPGRIP1L,META5,65
TOX3,META5,65
ACADVL,META5,66
ACAP1,META5,66
ALOX12,META5,66
ALOX12-AS1,META5,66
ALOX12B,META5,66
ALOX12P2,META5,66
ALOX15B,META5,66
ALOX15P1,META5,66
ALOXE3,META5,66
ARHGEF15,META5,66
ASGR1,META5,66
ASGR2,META5,66
ATP1B2,META5,66
AURKB,META5,66
BCL6B,META5,66
BORCS6,META5,66
C17orf100,META5,66
C17orf49,META5,66
CD68,META5,66
CHD3,META5,66
CHRNB1,META5,66
CLDN7,META5,66
CLEC10A,META5,66
CNTROB,META5,66
CTC1,META5,66
CTDNEP1,META5,66
CYB5D1,META5,66
DLG4,META5,66
DNAH2,META5,66
DVL2,META5,66
EFNB3,META5,66
EIF4A1,META5,66
EIF5A,META5,66
ELP5,META5,66
FBXO39,META5,66
FGF11,META5,66
FXR2,META5,66
GABARAP,META5,66
GPS2,META5,66
GUCY2D,META5,66
HES7,META5,66
KCNAB3,META5,66
KCTD11,META5,66
KDM6B,META5,66
KIAA0753,META5,66
KRBA2,META5,66
LINC00324,META5,66
LOC100128288,META5,66
LOC100996842,META5,66
MED31,META5,66
MIR195,META5,66
MIR324,META5,66
MIR4314,META5,66
MIR4520-1,META5,66
MIR4520-2,META5,66
MIR4521,META5,66
MIR497,META5,66
MIR497HG,META5,66
MIR6883,META5,66
MPDU1,META5,66
NAA38,META5,66
NDEL1,META5,66
NEURL4,META5,66
NLGN2,META5,66
ODF4,META5,66
PER1,META5,66
PFAS,META5,66
PHF23,META5,66
PITPNM3,META5,66
PLSCR3,META5,66
POLR2A,META5,66
RANGRF,META5,66
RNASEK,META5,66
RNASEK-C17orf49,META5,66
RNF222,META5,66
RNF227,META5,66
RPL26,META5,66
RPL29P2,META5,66
SAT2,META5,66
SCARNA21,META5,66
SENP3,META5,66
SENP3-EIF4A1,META5,66
SHBG,META5,66
SLC13A5,META5,66
SLC16A11,META5,66
SLC16A13,META5,66
SLC25A35,META5,66
SLC2A4,META5,66
SLC35G6,META5,66
SNORA48,META5,66
SNORA67,META5,66
SNORD10,META5,66
SNORD118,META5,66
SOX15,META5,66
SPEM1,META5,66
SPEM2,META5,66
SPEM3,META5,66
TEKT1,META5,66
TMEM102,META5,66
TMEM107,META5,66
TMEM256,META5,66
TMEM256-PLSCR3,META5,66
TMEM88,META5,66
TMEM95,META5,66
TNFSF12,META5,66
TNFSF12-TNFSF13,META5,66
TNFSF13,META5,66
TNK1,META5,66
TP53,META5,66
TRAPPC1,META5,66
TXNDC17,META5,66
VAMP2,META5,66
WRAP53,META5,66
XAF1,META5,66
YBX2,META5,66
ZBTB4,META5,66
AARSD1,META5,67
ACLY,META5,67
AOC2,META5,67
AOC3,META5,67
AOC4P,META5,67
ARL4D,META5,67
ATP6V0A1,META5,67
BECN1,META5,67
BRCA1,META5,67
C17orf113,META5,67
CAVIN1,META5,67
CCDC200,META5,67
CCR10,META5,67
CNP,META5,67
CNTD1,META5,67
CNTNAP1,META5,67
COA3,META5,67
COASY,META5,67
DHX58,META5,67
DHX8,META5,67
DNAJC7,META5,67
EIF1,META5,67
ETV4,META5,67
EZH1,META5,67
FKBP10,META5,67
G6PC,META5,67
GAST,META5,67
GHDC,META5,67
HAP1,META5,67
HCRT,META5,67
HSD17B1,META5,67
HSPB9,META5,67
IFI35,META5,67
JUP,META5,67
KAT2A,META5,67
KCNH4,META5,67
KLHL10,META5,67
KLHL11,META5,67
KRT14,META5,67
KRT16,META5,67
KRT17,META5,67
KRT42P,META5,67
LINC00671,META5,67
LINC00910,META5,67
LOC101929767,META5,67
LOC108783654,META5,67
MEOX1,META5,67
MIR2117,META5,67
MIR2117HG,META5,67
MIR5010,META5,67
MIR548AT,META5,67
MIR6780A,META5,67
MIR6781,META5,67
MLX,META5,67
NAGLU,META5,67
NBR1,META5,67
NBR2,META5,67
NKIRAS2,META5,67
NT5C3B,META5,67
P3H4,META5,67
PLEKHH3,META5,67
PSMC3IP,META5,67
PSME3,META5,67
PTGES3L,META5,67
PTGES3L-AARSD1,META5,67
RAB5C,META5,67
RAMP2,META5,67
RAMP2-AS1,META5,67
RETREG3,META5,67
RND2,META5,67
RPL27,META5,67
RUNDC1,META5,67
STAT3,META5,67
STAT5A,META5,67
STAT5B,META5,67
TMEM106A,META5,67
TTC25,META5,67
TUBG1,META5,67
TUBG2,META5,67
VAT1,META5,67
VPS25,META5,67
WNK4,META5,67
ZNF385C,META5,67
ACBD4,META5,68
ADAM11,META5,68
ARL4D,META5,68
ASB16,META5,68
ASB16-AS1,META5,68
ATXN7L3,META5,68
C17orf53,META5,68
C1QL1,META5,68
CCDC103,META5,68
CCDC200,META5,68
CCDC43,META5,68
CD300LG,META5,68
CFAP97D1,META5,68
DBF4B,META5,68
DCAKD,META5,68
DHX8,META5,68
DUSP3,META5,68
EFTUD2,META5,68
ETV4,META5,68
FAM171A2,META5,68
FAM187A,META5,68
FAM215A,META5,68
FMNL1,META5,68
FZD2,META5,68
G6PC3,META5,68
GFAP,META5,68
GJC1,META5,68
GPATCH8,META5,68
GRN,META5,68
HDAC5,META5,68
HEXIM1,META5,68
HEXIM2,META5,68
HIGD1B,META5,68
ITGA2B,META5,68
KIF18B,META5,68
LINC00910,META5,68
LINC01180,META5,68
LINC01976,META5,68
LOC101929767,META5,68
LOC105371789,META5,68
LOC105371795,META5,68
LOC339192,META5,68
LSM12,META5,68
MAP3K14,META5,68
MAP3K14-AS1,META5,68
MEIOC,META5,68
MEOX1,META5,68
MIR2117,META5,68
MIR2117HG,META5,68
MIR6782,META5,68
MIR6783,META5,68
MIR6784,META5,68
MPP2,META5,68
MPP3,META5,68
NAGS,META5,68
NBR1,META5,68
NBR2,META5,68
NMT1,META5,68
PLCD3,META5,68
PPY,META5,68
PYY,META5,68
RUNDC3A,META5,68
RUNDC3A-AS1,META5,68
SLC25A39,META5,68
SLC4A1,META5,68
SOST,META5,68
SPATA32,META5,68
TMEM101,META5,68
TMEM106A,META5,68
TMUB2,META5,68
UBTF,META5,68
ACBD4,META5,69
ADAM11,META5,69
ARHGAP27,META5,69
ARL17A,META5,69
ARL17B,META5,69
C1QL1,META5,69
CCDC103,META5,69
CCDC43,META5,69
CRHR1,META5,69
DBF4B,META5,69
DCAKD,META5,69
EFTUD2,META5,69
FAM187A,META5,69
FMNL1,META5,69
GFAP,META5,69
GJC1,META5,69
HEXIM1,META5,69
HEXIM2,META5,69
HIGD1B,META5,69
KANSL1,META5,69
KANSL1-AS1,META5,69
KIF18B,META5,69
LINC02210,META5,69
LINC02210-CRHR1,META5,69
LOC105371795,META5,69
LOC339192,META5,69
LRRC37A,META5,69
LRRC37A2,META5,69
LRRC37A4P,META5,69
MAP3K14,META5,69
MAP3K14-AS1,META5,69
MAPK8IP1P2,META5,69
MAPT,META5,69
MAPT-AS1,META5,69
MAPT-IT1,META5,69
MEIOC,META5,69
MIR4315-1,META5,69
MIR4315-2,META5,69
MIR6783,META5,69
MIR6784,META5,69
NMT1,META5,69
NSF,META5,69
NSFP1,META5,69
PLCD3,META5,69
PLEKHM1,META5,69
SPATA32,META5,69
SPPL2C,META5,69
STH,META5,69
ARL17A,META5,70
ARL17B,META5,70
CDC27,META5,70
CRHR1,META5,70
EFCAB13,META5,70
GOSR2,META5,70
ITGB3,META5,70
KANSL1,META5,70
KANSL1-AS1,META5,70
KPNB1,META5,70
LINC02210-CRHR1,META5,70
LRRC37A,META5,70
LRRC37A2,META5,70
MAPT,META5,70
MAPT-AS1,META5,70
MAPT-IT1,META5,70
MIR5089,META5,70
MRPL45P2,META5,70
MYL4,META5,70
NPEPPS,META5,70
NSF,META5,70
NSFP1,META5,70
RPRML,META5,70
SPPL2C,META5,70
STH,META5,70
TBKBP1,META5,70
TBX21,META5,70
THCAT158,META5,70
WNT3,META5,70
WNT9B,META5,70
BCAS3,META5,71
BRIP1,META5,71
C17orf82,META5,71
EFCAB3,META5,71
INTS2,META5,71
LOC101927855,META5,71
LOC101927877,META5,71
LOC105371855,META5,71
MARCH10,META5,71
MED13,META5,71
METTL2A,META5,71
MRC2,META5,71
NACA2,META5,71
TBC1D3P2,META5,71
TBX2,META5,71
TBX2-AS1,META5,71
TBX4,META5,71
TLK2,META5,71
AFMID,META5,72
BIRC5,META5,72
C17orf99,META5,72
C1QTNF1,META5,72
C1QTNF1-AS1,META5,72
CANT1,META5,72
CEP295NL,META5,72
CYTH1,META5,72
DNAH17,META5,72
DNAH17-AS1,META5,72
ENGASE,META5,72
LGALS3BP,META5,72
LINC01973,META5,72
LINC01987,META5,72
LINC01993,META5,72
LOC100507351,META5,72
LOC101928674,META5,72
LOC400622,META5,72
PGS1,META5,72
RBFOX3,META5,72
SCAT1,META5,72
SEPTIN9,META5,72
SOCS3,META5,72
SYNGR2,META5,72
TIMP2,META5,72
TK1,META5,72
TMC6,META5,72
TMC8,META5,72
TMEM235,META5,72
TNRC6C,META5,72
TNRC6C-AS1,META5,72
USP36,META5,72
ASXL3,META5,73
CCDC178,META5,73
DTNA,META5,73
KLHL14,META5,73
NOL4,META5,73
LINC00907,META5,74
RIT2,META5,74
SYT4,META5,74
CFAP53,META5,75
CXXC1,META5,75
ELAC1,META5,75
LINC01630,META5,75
MAPK4,META5,75
MBD1,META5,75
ME2,META5,75
MEX3C,META5,75
MRO,META5,75
MYO5B,META5,75
SKA1,META5,75
SMAD4,META5,75
ABHD17A,META5,76
ADAMTSL5,META5,76
ADAT3,META5,76
AMH,META5,76
AP3D1,META5,76
APC2,META5,76
ATP8B3,META5,76
BTBD2,META5,76
C19orf25,META5,76
CELF5,META5,76
CSNK1G2,META5,76
CSNK1G2-AS1,META5,76
DAZAP1,META5,76
DIRAS1,META5,76
DOT1L,META5,76
GADD45B,META5,76
GAMT,META5,76
GNA11,META5,76
GNA15,META5,76
GNG7,META5,76
IZUMO4,META5,76
JSRP1,META5,76
KLF16,META5,76
LINC01775,META5,76
LINGO3,META5,76
LMNB2,META5,76
LOC100288123,META5,76
LOC100996351,META5,76
LSM7,META5,76
MBD3,META5,76
MEX3D,META5,76
MIR1227,META5,76
MIR1909,META5,76
MIR4321,META5,76
MIR6789,META5,76
MIR7108,META5,76
MIR7850,META5,76
MKNK2,META5,76
MOB3A,META5,76
NCLN,META5,76
NDUFS7,META5,76
OAZ1,META5,76
ONECUT3,META5,76
PCSK4,META5,76
PEAK3,META5,76
PLEKHJ1,META5,76
PLK5,META5,76
PWWP3A,META5,76
REEP6,META5,76
REXO1,META5,76
RPS15,META5,76
S1PR4,META5,76
SCAMP4,META5,76
SF3A2,META5,76
SGTA,META5,76
SLC39A3,META5,76
SPPL2B,META5,76
TCF3,META5,76
THOP1,META5,76
TIMM13,META5,76
TLE2,META5,76
TLE5,META5,76
TLE6,META5,76
TMPRSS9,META5,76
UQCR11,META5,76
ZNF554,META5,76
ZNF555,META5,76
ZNF556,META5,76
ZNF57,META5,76
ZNF77,META5,76
BMP2,META5,77
CASC20,META5,77
CDS2,META5,77
CHGB,META5,77
CRLS1,META5,77
FERMT1,META5,77
GPCPD1,META5,77
LINC00654,META5,77
LINC00658,META5,77
LINC01713,META5,77
LINC01729,META5,77
LOC643406,META5,77
LRRN4,META5,77
MCM8,META5,77
MCM8-AS1,META5,77
PCNA,META5,77
PCNA-AS1,META5,77
PROKR2,META5,77
SHLD1,META5,77
TMEM230,META5,77
TRMT6,META5,77
CLDN14,META5,78
DSCR10,META5,78
DSCR4,META5,78
DSCR8,META5,78
DSCR9,META5,78
DYRK1A,META5,78
ERG,META5,78
HLCS,META5,78
KCNJ15,META5,78
KCNJ6,META5,78
LINC01423,META5,78
LOC105372795,META5,78
PIGP,META5,78
RIPPLY3,META5,78
SIM2,META5,78
TTC3,META5,78
TTC3-AS1,META5,78
VPS26C,META5,78
ADRA2A,Progression,1
BBIP1,Progression,1
DUSP5,Progression,1
GPAM,Progression,1
HEAT2,Progression,1
MIR4680,Progression,1
MIR548E,Progression,1
MXI1,Progression,1
PDCD4,Progression,1
PDCD4-AS1,Progression,1
RBM20,Progression,1
RPL13AP6,Progression,1
SHOC2,Progression,1
SMC3,Progression,1
SMNDC1,Progression,1
ABCA1,Progression,2
FKTN,Progression,2
FSD1L,Progression,2
NIPSNAP3A,Progression,2
NIPSNAP3B,Progression,2
OR13C2,Progression,2
OR13C3,Progression,2
OR13C4,Progression,2
OR13C5,Progression,2
OR13C8,Progression,2
OR13C9,Progression,2
OR13D1,Progression,2
OR13F1,Progression,2
RALGAPA1P1,Progression,2
SLC44A1,Progression,2
TAL2,Progression,2
TMEM38B,Progression,2
LOC101929109,Asian,1
F2RL2,Asian,1
NCRUPAR,Asian,1
SNORA47,Asian,1
HMGCR,Asian,1
ANKDD1B,Asian,1
LOC441087,Asian,1
IQGAP2,Asian,1
F2RL1,Asian,1
CRHBP,Asian,1
ZBED3,Asian,1
AGGF1,Asian,1
POLK,Asian,1
COL4A3BP,Asian,1
POC5,Asian,1
F2R,Asian,1
ZBED3-AS1,Asian,1
S100Z,Asian,1
PDE8B,Asian,1
SV2C,Asian,1
MIR3914-1,Asian,2
MIR3914-2,Asian,2
GALNT17,Asian,2
CALN1,Asian,2
AUTS2,Asian,2
