Gene,Locusnumber
ADAM15,1
ADAR,1
AQP10,1
ARHGEF2,1
ASH1L,1
ASH1L-AS1,1
ATP8B2,1
C1orf189,1
C1orf43,1
CHRNB2,1
CKS1B,1
CLK2,1
CREB3L4,1
CRTC2,1
DAP3,1
DCST1,1
DCST1-AS1,1
DCST2,1
DENND4B,1
DPM3,1
EFNA1,1
EFNA3,1
EFNA4,1
FAM189B,1
FDPS,1
FLAD1,1
GBA,1
GBAP1,1
GON4L,1
HAX1,1
HCN3,1
IL6R,1
IL6R-AS1,1
JTB,1
KCNN3,1
KHDC4,1
KRTCAP2,1
LAMTOR2,1
LENEP,1
LMNA,1
LOC101928120,1
MEX3A,1
MIR190B,1
MIR4258,1
MIR555,1
MIR5698,1
MIR6737,1
MIR6738,1
MIR92B,1
MSTO1,1
MSTO2P,1
MTX1,1
MUC1,1
NUP210L,1
PBXIP1,1
PKLR,1
PMF1,1
PMF1-BGLAP,1
PMVK,1
POU5F1P4,1
PYGO2,1
RAB13,1
RAB25,1
RIT1,1
RPS27,1
RUSC1,1
RUSC1-AS1,1
RXFP4,1
SCAMP3,1
SCARNA26A,1
SCARNA26B,1
SCARNA4,1
SEMA4A,1
SHC1,1
SHE,1
SLC25A44,1
SLC39A1,1
SLC50A1,1
SNORA58B,1
SNORA80E,1
SSR2,1
SYT11,1
TDRD10,1
THBS3,1
TPM3,1
TRIM46,1
UBAP2L,1
UBE2Q1,1
UBE2Q1-AS1,1
UBQLN4,1
YY1AP1,1
ZBTB7B,1
ADAMTS4,2
APOA2,2
ARHGAP30,2
ATF6,2
B4GALT3,2
C1orf226,2
CD244,2
CD48,2
CD84,2
CFAP126,2
DEDD,2
DUSP12,2
F11R,2
FCER1G,2
FCGR2A,2
FCGR2B,2
FCGR2C,2
FCGR3A,2
FCGR3B,2
FCRLA,2
FCRLB,2
HSPA6,2
HSPA7,2
ITLN1,2
ITLN2,2
KLHDC9,2
LOC101928372,2
LOC112543491,2
LY9,2
MIR4654,2
MIR5187,2
MIR556,2
MPZ,2
NDUFS2,2
NECTIN4,2
NIT1,2
NOS1AP,2
NR1I3,2
OLFML2B,2
PCP4L1,2
PFDN2,2
PPOX,2
RPL31P11,2
SDHC,2
SH2D1B,2
SLAMF1,2
SLAMF6,2
SLAMF7,2
SPATA46,2
TOMM40L,2
TSTD1,2
UFC1,2
UHMK1,2
USF1,2
USP21,2
C1orf105,3
DNM3,3
DNM3-IT1,3
DNM3OS,3
EEF1AKNMT,3
FASLG,3
FMO1,3
FMO2,3
FMO3,3
FMO4,3
FMO6P,3
MIR1295A,3
MIR1295B,3
MIR199A2,3
MIR214,3
MIR3120,3
MROH9,3
MYOC,3
MYOCOS,3
PIGC,3
PRRC2C,3
SUCO,3
TOP1P1,3
VAMP4,3
AVPR1B,4
BLACAT1,4
CDK18,4
CNTN2,4
CTSE,4
DSTYK,4
ELK4,4
FAM72A,4
FAM72C,4
IKBKE,4
KLHDC8A,4
LEMD1,4
LEMD1-AS1,4
LEMD1-DT,4
LOC284581,4
MFSD4A,4
MFSD4A-AS1,4
MIR135B,4
MIR6769B,4
NFASC,4
NUAK2,4
NUCKS1,4
PM20D1,4
RAB29,4
RASSF5,4
RBBP5,4
RHEX,4
SLC26A9,4
SLC41A1,4
SLC45A3,4
SRGAP2,4
SRGAP2D,4
TMCC2,4
TMEM81,4
ACBD3,5
ACBD3-AS1,5
CDC42BPA,5
COQ8A,5
EPHX1,5
H3F3A,5
H3F3AP4,5
ITPKB,5
ITPKB-IT1,5
LEFTY1,5
LEFTY2,5
LIN9,5
LINC01703,5
MIR6741,5
MIXL1,5
PARP1,5
PSEN2,5
PYCR2,5
SDE2,5
SNAP47,5
SRP9,5
STUM,5
TMEM63A,5
ZNF678,5
ZNF847P,5
DISC1,6
DISC1-IT1,6
DISC2,6
LINC00582,6
LINC01744,6
LINC01745,6
MAP10,6
MAP3K21,6
NTPCR,6
PCNX2,6
SIPA1L2,6
TSNAX,6
TSNAX-DISC1,6
GEN1,7
KCNS3,7
MSGN1,7
NT5C1B,7
NT5C1B-RDH14,7
RAD51AP2,7
RDH14,7
SMC6,7
VSNL1,7
ADRA2B,8
ANKRD20A8P,8
ANKRD36C,8
ASTL,8
CIAO1,8
DUSP2,8
FAHD2A,8
FAHD2CP,8
FAM95A,8
GPAT2,8
ITPRIPL1,8
KCNIP3,8
LINC00342,8
LOC442028,8
MAL,8
MRPS5,8
PROM2,8
SNORA112,8
SNRNP200,8
STARD7,8
STARD7-AS1,8
TEKT4,8
TMEM127,8
TRIM43,8
TRIM43B,8
ZNF2,8
ZNF514,8
CNOT11,9
CREG2,9
IL18R1,9
IL18RAP,9
IL1R1,9
IL1R2,9
IL1RL1,9
IL1RL2,9
LINC01127,9
LOC101927142,9
MAP4K4,9
MFSD9,9
MIR4772,9
MIR5696,9
NPAS2,9
RFX8,9
RNF149,9
RPL31,9
SLC9A2,9
SLC9A4,9
SNORD89,9
TBC1D8,9
TBC1D8-AS1,9
TMEM182,9
ACMSD,10
CCNT2,10
CCNT2-AS1,10
MAP3K19,10
MGAT5,10
MIR128-1,10
MIR3679,10
MIR5590,10
R3HDM1,10
RAB3GAP1,10
SNORA40B,10
TMEM163,10
ZRANB3,10
ABCB11,11
B3GALT1,11
CERS6,11
CERS6-AS1,11
DHRS9,11
G6PC2,11
LOC105616981,11
LRP2,11
MIR4774,11
NOSTRIN,11
SPC25,11
STK39,11
XIRP2,11
KCNH8,12
LOC105376975,12
LOC339862,12
MIR4791,12
SATB1,12
SATB1-AS1,12
TBC1D5,12
AZI2,13
CMC1,13
EOMES,13
LINC00693,13
LINC01980,13
LINC01981,13
RBMS3,13
RBMS3-AS3,13
ZCWPW2,13
AMT,14
APEH,14
ARIH2,14
ARIH2OS,14
ATRIP,14
ATRIP-TREX1,14
BSN,14
BSN-DT,14
C3orf62,14
C3orf84,14
CAMP,14
CCDC36,14
CCDC51,14
CCDC71,14
CDC25A,14
CELSR3,14
COL7A1,14
DAG1,14
DALRD3,14
DHX30,14
FBXW12,14
FCF1P2,14
GPX1,14
IMPDH2,14
IP6K2,14
KLHDC8B,14
LAMB2,14
LAMB2P1,14
LINC02585,14
MAP4,14
MIR1226,14
MIR191,14
MIR2115,14
MIR425,14
MIR4271,14
MIR4443,14
MIR4793,14
MIR6823,14
MIR6824,14
MIR6890,14
MIR711,14
MST1,14
NCKIPSD,14
NDUFAF3,14
NICN1,14
NME6,14
P4HTM,14
PFKFB4,14
PLXNB1,14
PRKAR2A,14
PRKAR2A-AS1,14
QARS,14
QRICH1,14
RHOA,14
RNF123,14
SHISA5,14
SLC25A20,14
SLC26A6,14
SMARCC1,14
SNORA94,14
SPINK8,14
TCTA,14
TMA7,14
TMEM89,14
TREX1,14
UCN2,14
UQCRC1,14
USP19,14
USP4,14
WDR6,14
ZNF589,14
ADCY5,15
ARGFX,15
CASR,15
CCDC58,15
CD86,15
CSTA,15
DTX3L,15
EAF2,15
FAM162A,15
FBXO40,15
GOLGB1,15
HCLS1,15
HSPBAP1,15
ILDR1,15
IQCB1,15
KPNA1,15
LINC02035,15
LOC102723582,15
MIR7110,15
PARP14,15
PARP15,15
PARP9,15
PDIA5,15
POLQ,15
SEC22A,15
SEMA5B,15
SLC15A2,15
SLC49A4,15
WDR5B,15
AADAC,16
AADACL2,16
AADACL2-AS1,16
AADACP1,16
CLRN1,16
CLRN1-AS1,16
EIF2A,16
ERICH6,16
ERICH6-AS1,16
GPR171,16
GPR87,16
IGSF10,16
LOC101928105,16
LOC101928166,16
MBNL1,16
MBNL1-AS1,16
MED12L,16
MINDY4B,16
MIR5186,16
P2RY12,16
P2RY13,16
P2RY14,16
SELENOT,16
SERP1,16
SIAH2,16
SUCNR1,16
TMEM14EP,16
TSC22D2,16
ARL14,17
B3GALNT1,17
IFT80,17
KPNA4,17
LINC02067,17
MIR15B,17
MIR16-2,17
NMD3,17
OTOL1,17
PPM1L,17
SCARNA7,17
SMC4,17
SPTSSB,17
TRIM59,17
TRIM59-IFT80,17
ABCC5,18
ABCC5-AS1,18
ATP11B,18
B3GNT5,18
DCUN1D1,18
HTR3D,18
KLHL24,18
KLHL6,18
KLHL6-AS1,18
LAMP3,18
LINC00888,18
LINC01994,18
LINC01995,18
MAP6D1,18
MCCC1,18
MCF2L2,18
MIR4448,18
PARL,18
SNORA63D,18
SNORA63E,18
YEATS2,18
YEATS2-AS1,18
ABCA11P,19
ATP5ME,19
CPLX1,19
CRIPAK,19
CTBP1,19
CTBP1-AS,19
CTBP1-DT,19
DGKQ,19
FAM53A,19
FGFR3,19
FGFRL1,19
GAK,19
IDUA,19
LETM1,19
LOC100129917,19
LOC100130872,19
LOC105374338,19
LOC105374344,19
MAEA,19
MIR571,19
MYL5,19
NKX1-1,19
NSD2,19
PCGF3,19
PDE6B,19
PIGG,19
RNF212,19
SLBP,19
SLC26A1,19
SLC49A3,19
SPON2,19
TACC3,19
TMED11P,19
TMEM129,19
TMEM175,19
TMEM271,19
UVSSA,19
ZNF141,19
ZNF595,19
ZNF718,19
ZNF721,19
ZNF732,19
ZNF876P,19
BST1,20
C1QTNF7,20
CC2D2A,20
CD38,20
CPEB2,20
CPEB2-DT,20
FAM200B,20
FBXL5,20
FGFBP1,20
FGFBP2,20
LDB2,20
LINC00504,20
LOC101929095,20
PROM1,20
TAPT1,20
TAPT1-AS1,20
CLRN2,21
DCAF16,21
FAM184B,21
LAP3,21
LCORL,21
LINC02493,21
MED28,21
NCAPG,21
QDPR,21
SNORA75B,21
ART3,22
CCDC158,22
CCNG2,22
CCNI,22
CDKL2,22
CXCL10,22
CXCL11,22
CXCL9,22
FAM47E,22
FAM47E-STBD1,22
G3BP2,22
LINC02483,22
LOC101928809,22
MIR4450,22
MIR548AH,22
NAAA,22
NUP54,22
ODAPH,22
PPEF2,22
RCHY1,22
SCARB2,22
SDAD1,22
SEPTIN11,22
SHROOM3,22
SOWAHB,22
STBD1,22
THAP6,22
USO1,22
CCSER1,23
FAM13A,23
FAM13A-AS1,23
GPRIN3,23
HERC3,23
MMRN1,23
SNCA,23
SNCA-AS1,23
TIGD2,23
ANK2,24
ARSJ,24
CAMK2D,24
LARP7,24
LOC105377372,24
MIR1243,24
MIR302A,24
MIR302B,24
MIR302C,24
MIR302CHG,24
MIR302D,24
MIR367,24
MIR8082,24
NEUROG2,24
ZGRF1,24
AADAT,25
CBR4,25
CLCN3,25
HPF1,25
LINC01612,25
LINC02275,25
MFAP3L,25
NEK1,25
PALLD,25
SH3RF1,25
C5orf64,26
C5orf64-AS1,26
DEPDC1B,26
ELOVL7,26
ERCC8,26
LINC02057,26
LOC101928651,26
NDUFAF2,26
PART1,26
PDE4D,26
SMIM15,26
SMIM15-AS1,26
ZSWIM6,26
C5orf30,27
GIN1,27
LINC00491,27
LINC00492,27
LINC02115,27
NUDT12,27
PAM,27
PPIP5K2,27
SLCO4C1,27
SLCO6A1,27
C5orf15,28
C5orf24,28
C5orf66,28
C5orf66-AS1,28
C5orf66-AS2,28
CAMLG,28
CATSPER3,28
CDKL3,28
CDKN2AIPNL,28
CXCL14,28
DCANP1,28
DDX46,28
H2AFY,28
JADE2,28
LINC01843,28
LOC102546229,28
LOC105379183,28
LOC107986453,28
MIR3661,28
MIR5692C1,28
NEUROG1,28
PCBD2,28
PITX1,28
PPP2CA,28
SAR1B,28
SEC24A,28
SKP1,28
SLC25A48,28
SLC25A48-AS1,28
TCF7,28
TIFAB,28
TXNDC15,28
UBE2B,28
VDAC1,28
WSPAR,28
GPX5,29
GPX6,29
GUSBP2,29
HIST1H1B,29
HIST1H2AG,29
HIST1H2AH,29
HIST1H2AI,29
HIST1H2AJ,29
HIST1H2AK,29
HIST1H2AL,29
HIST1H2AM,29
HIST1H2BJ,29
HIST1H2BK,29
HIST1H2BL,29
HIST1H2BM,29
HIST1H2BN,29
HIST1H2BO,29
HIST1H3H,29
HIST1H3I,29
HIST1H3J,29
HIST1H4I,29
HIST1H4J,29
HIST1H4K,29
HIST1H4L,29
LINC00240,29
LINC00533,29
LINC01012,29
LOC100131289,29
LOC100270746,29
MIR3143,29
NKAPL,29
OR1F12,29
OR2B2,29
OR2B6,29
PGBD1,29
POM121L2,29
PRSS16,29
TOB2P1,29
VN1R10P,29
ZBED9,29
ZKSCAN3,29
ZKSCAN4,29
ZKSCAN8,29
ZNF165,29
ZNF184,29
ZNF192P1,29
ZNF204P,29
ZNF391,29
ZSCAN12,29
ZSCAN12P1,29
ZSCAN16,29
ZSCAN16-AS1,29
ZSCAN23,29
ZSCAN26,29
ZSCAN31,29
ZSCAN9,29
ABCF1,30
ATAT1,30
C6orf136,30
C6orf15,30
CDSN,30
DDR1,30
DHX16,30
FLOT1,30
GABBR1,30
GNL1,30
GTF2H4,30
HCG17,30
HCG18,30
HCG20,30
HCG21,30
HCG22,30
HCG4,30
HCG4B,30
HCG9,30
HCP5B,30
HLA-A,30
HLA-E,30
HLA-F,30
HLA-F-AS1,30
HLA-G,30
HLA-H,30
HLA-J,30
HLA-L,30
HLA-V,30
IER3,30
IER3-AS1,30
IFITM4P,30
LINC00243,30
LINC01015,30
LINC02569,30
LINC02570,30
LOC101929006,30
MAS1L,30
MDC1,30
MDC1-AS1,30
MIR4640,30
MIR6891,30
MIR877,30
MOG,30
MRPS18B,30
MUC21,30
MUC22,30
MUCL3,30
NRM,30
OR10C1,30
OR11A1,30
OR12D1,30
OR12D2,30
OR12D3,30
OR14J1,30
OR2H1,30
OR2H2,30
OR2J2,30
OR5V1,30
PPP1R10,30
PPP1R11,30
PPP1R18,30
PRR3,30
PSORS1C1,30
PSORS1C2,30
RNF39,30
RPP21,30
SFTA2,30
SNORD32B,30
TRIM10,30
TRIM15,30
TRIM26,30
TRIM31,30
TRIM31-AS1,30
TRIM39,30
TRIM39-RPP21,30
TRIM40,30
TUBB,30
UBD,30
VARS2,30
ZFP57,30
ZNRD1,30
ZNRD1ASP,30
ABHD16A,31
AGER,31
AGPAT1,31
AIF1,31
APOM,31
ATF6B,31
B3GALT4,31
BAG6,31
BAK1,31
BRD2,31
BTNL2,31
C2,31
C2-AS1,31
C4A,31
C4B,31
C4B_2,31
C6orf47,31
CFB,31
CLIC1,31
COL11A2,31
CSNK2B,31
CUTA,31
CYP21A1P,31
CYP21A2,31
DAXX,31
DDAH2,31
DXO,31
EGFL8,31
EHMT2,31
FKBPL,31
GGNBP1,31
GPANK1,31
GPSM3,31
HCG23,31
HCG24,31
HCG25,31
HLA-DMA,31
HLA-DMB,31
HLA-DOA,31
HLA-DOB,31
HLA-DPA1,31
HLA-DPB1,31
HLA-DPB2,31
HLA-DQA1,31
HLA-DQA2,31
HLA-DQB1,31
HLA-DQB1-AS1,31
HLA-DQB2,31
HLA-DRA,31
HLA-DRB1,31
HLA-DRB5,31
HLA-DRB6,31
HSD17B8,31
HSPA1A,31
HSPA1B,31
HSPA1L,31
KIFC1,31
LINC00336,31
LOC100294145,31
LOC100507547,31
LOC110384692,31
LSM2,31
LY6G5B,31
LY6G5C,31
LY6G6C,31
LY6G6D,31
LY6G6E,31
LY6G6F,31
LY6G6F-LY6G6D,31
MIR1234,31
MIR1236,31
MIR219A1,31
MIR3135B,31
MIR4646,31
MIR5004,31
MIR6721,31
MIR6832,31
MIR6833,31
MIR6834,31
MIR6873,31
MPIG6B,31
MSH5,31
MSH5-SAPCD1,31
NELFE,31
NEU1,31
NOTCH4,31
PBX2,31
PFDN6,31
PHF1,31
PPT2,31
PPT2-EGFL8,31
PRRC2A,31
PRRT1,31
PSMB8,31
PSMB8-AS1,31
PSMB9,31
RGL2,31
RING1,31
RNF5,31
RPS18,31
RXRB,31
SAPCD1,31
SAPCD1-AS1,31
SKIV2L,31
SLC39A7,31
SLC44A4,31
SMIM40,31
SNHG32,31
SNORA38,31
SNORD48,31
SNORD52,31
STK19,31
SYNGAP1,31
TAP1,31
TAP2,31
TAPBP,31
TNXA,31
TNXB,31
TSBP1,31
TSBP1-AS1,31
VARS,31
VPS52,31
VWA7,31
WDR46,31
ZBTB12,31
ZBTB22,31
ZBTB9,31
B3GAT2,32
KCNQ5,32
KCNQ5-IT1,32
LINC00472,32
LINC01626,32
MIR30A,32
MIR30C2,32
OGFRL1,32
RIMS1,32
SMAP1,32
CCN6,33
FAM229B,33
FYN,33
GSTM2P1,33
GTF3C6,33
LAMA4,33
LINC02527,33
LOC101927640,33
MFSD4B,33
REV3L,33
RFPL4B,33
RPF2,33
SLC16A10,33
SNORD166,33
TRAF3IP2,33
TRAF3IP2-AS1,33
TUBE1,33
CCN2,34
ENPP1,34
EYA4,34
LINC00326,34
LINC01013,34
LINC01312,34
MIR548AJ1,34
MOXD1,34
RPS12,34
SLC18B1,34
SNORA33,34
SNORD100,34
SNORD101,34
STX7,34
TAAR1,34
TAAR2,34
TAAR3P,34
TAAR5,34
TAAR6,34
TAAR8,34
TAAR9,34
TARID,34
TCF21,34
VNN1,34
VNN2,34
VNN3,34
CCDC126,35
CLK2P1,35
FAM126A,35
FAM221A,35
GPNMB,35
IGF2BP3,35
IL6,35
KLHL7,35
KLHL7-DT,35
LOC100506178,35
LOC401312,35
LOC541472,35
MALSU1,35
NUP42,35
RAPGEF5,35
RPS2P32,35
SNHG26,35
SNORD65C,35
SNORD93,35
STEAP1B,35
STK31,35
TOMM7,35
TRA2A,35
ASL,36
CCT6P1,36
CRCP,36
GS1-124K5.11,36
GS1-124K5.4,36
GTF2IP23,36
GTF2IRD1P1,36
GUSB,36
INTS4P2,36
KCTD7,36
LINC00174,36
LINC01372,36
LINC02604,36
LOC100996437,36
LOC101929322,36
LOC441242,36
MIR4650-1,36
MIR4650-2,36
PMS2P4,36
RABGEF1,36
SBDS,36
SNORA15B-1,36
SNORA15B-2,36
SNORA22,36
STAG3L4,36
TMEM248,36
TPST1,36
TYW1,36
VKORC1L1,36
BLK,37
C8orf49,37
CTSB,37
DEFB109A,37
DEFB130A,37
DEFB130B,37
DEFB134,37
DEFB135,37
DEFB136,37
FAM167A,37
FAM167A-AS1,37
FAM66A,37
FAM66D,37
FAM85A,37
FAM86B1,37
FAM86B2,37
FAM90A25P,37
FAM90A2P,37
FDFT1,37
GATA4,37
LINC00208,37
LINC00681,37
LOC100129129,37
LOC100506990,37
LOC101929269,37
LOC340357,37
LOC392196,37
LOC649352,37
LOC729732,37
LONRF1,37
MIR3926-1,37
MIR3926-2,37
MIR5692A1,37
MIR5692A2,37
MIR598,37
MTMR9,37
NEIL2,37
SLC35G5,37
SNORA99,37
TDH,37
USP17L2,37
USP17L7,37
XKR6,37
ZNF705D,37
CNOT7,38
FGF20,38
MICU3,38
MIR548V,38
MSR1,38
MTMR7,38
MTUS1,38
PDGFRL,38
SLC7A2,38
VPS37A,38
ZDHHC2,38
BIN3,39
BIN3-IT1,39
BMP1,39
C8orf58,39
CCAR2,39
CHMP7,39
DMTN,39
DOK2,39
EGR3,39
ENTPD4,39
FAM160B2,39
FGF17,39
GFRA2,39
HR,39
LGI3,39
LOC100507071,39
LOC100507156,39
LOC101929237,39
LOC107986876,39
LOC254896,39
LOC286059,39
LOC389641,39
LOXL2,39
MIR320A,39
NPM2,39
NUDT18,39
PDLIM2,39
PEBP4,39
PHYHIP,39
PIWIL2,39
POLR3D,39
PPP3CC,39
R3HCC1,39
REEP4,39
RHOBTB2,39
SFTPC,39
SLC25A37,39
SLC39A14,39
SORBS3,39
TNFRSF10A,39
TNFRSF10B,39
TNFRSF10C,39
TNFRSF10D,39
XPO7,39
ADCY8,40
ASAP1,40
ASAP1-IT1,40
ASAP1-IT2,40
CCDC26,40
FAM49B,40
GSDMC,40
LINC00976,40
LINC00977,40
MIR3686,40
MIR5194,40
ADAMTSL1,41
BNC2,41
BNC2-AS1,41
CNTLN,41
MIR3152,41
SH3GL2,41
ANKRD18B,42
ANXA2P2,42
AQP3,42
AQP7,42
ARID3C,42
B4GALT1,42
B4GALT1-AS1,42
BAG1,42
C9orf131,42
C9orf24,42
CCL19,42
CCL21,42
CCL27,42
CHMP5,42
CNTFR,42
CNTFR-AS1,42
DCAF12,42
DCTN3,42
DNAI1,42
DNAJB5,42
DNAJB5-DT,42
ENHO,42
FAM205A,42
FAM205BP,42
FAM205C,42
FAM219A,42
GALT,42
IL11RA,42
KIF24,42
LINC01251,42
LOC730098,42
MIR12117,42
MIR6851,42
MYORG,42
NFX1,42
NOL6,42
NUDT2,42
PHF24,42
PRSS3,42
PTENP1,42
PTENP1-AS,42
RPP25L,42
SIGMAR1,42
SMU1,42
SNORD121A,42
SNORD121B,42
SPINK4,42
SUGT1P1,42
UBAP1,42
UBAP2,42
UBE2R2,42
ACBD7,43
ACBD7-DCLRE1CP1,43
C1QL3,43
CDNF,43
DCLRE1C,43
DCLRE1CP1,43
FAM107B,43
FAM171A1,43
HSPA14,43
ITGA8,43
MEIG1,43
MINDY3,43
NMT2,43
OLAH,43
PPIAP30,43
PTER,43
RPP38,43
RPP38-DT,43
SUV39H2,43
ACTR1A,44
ARL3,44
ARMH3,44
AS3MT,44
BORCS7,44
BORCS7-ASMT,44
BTRC,44
C10orf95,44
CNNM2,44
CUEDC2,44
CYP17A1,44
DPCD,44
ELOVL3,44
FBXL15,44
FBXW4,44
FGF8,44
GBF1,44
HPS6,44
KCNIP2,44
KCNIP2-AS1,44
LDB1,44
LINC02681,44
LOC107984265,44
MFSD13A,44
MIR146B,44
MIR3158-1,44
MIR3158-2,44
NFKB2,44
NOLC1,44
NPM3,44
NT5C2,44
OGA,44
PITX3,44
POLL,44
PPRC1,44
PSD,44
RPARP-AS1,44
RPEL1,44
SFXN2,44
SUFU,44
TRIM8,44
WBP1L,44
BAG3,45
CACUL1,45
EIF3A,45
FAM45A,45
GRK5,45
INPP5F,45
LINC01561,45
MCMBP,45
MIR4681,45
MIR4682,45
NANOS1,45
PLPP4,45
PRDX3,45
RGS10,45
RPL21,45
SEC23IP,45
SFXN4,45
SNORA19,45
TIAL1,45
WDR11-AS1,45
ADM,46
AMPD3,46
CAND1.11,46
CSNK2A3,46
CTR9,46
EIF4G2,46
GALNT18,46
LINC02709,46
LOC101928008,46
LOC101928053,46
LYVE1,46
MIR4485,46
MRVI1,46
MRVI1-AS1,46
MTRNR2L8,46
RNF141,46
SBF2,46
SBF2-AS1,46
SNORD97,46
SWAP70,46
WEE1,46
ZBED5,46
ZBED5-AS1,46
ANKRD42,47
CCDC90B,47
DDIAS,47
DLG2,47
LOC100506282,47
PCF11,47
PCF11-AS1,47
PRCP,47
RAB30,47
RAB30-DT,47
SNORA70E,47
ACAD8,48
B3GAT1,48
GLB1L2,48
GLB1L3,48
IGSF9B,48
JAM3,48
LINC02714,48
LINC02731,48
LINC02743,48
LOC283177,48
MIR4697,48
MIR4697HG,48
NCAPD3,48
OPCML,48
SNORD153,48
SPATA19,48
THYN1,48
VPS26B,48
ABCD2,49
C12orf40,49
CNTN1,49
KIF21A,49
LINC02471,49
LRRK2,49
MUC19,49
PDZRN4,49
SLC2A13,49
ANO6,50
ARID2,50
DBX2,50
LINC00938,50
LOC100288798,50
PLEKHA8P1,50
RACGAP1P,50
SCAF11,50
SLC38A1,50
SLC38A2,50
SLC38A4,50
ABCB9,51
ARL6IP4,51
ATP6V0A2,51
B3GNT4,51
BCL7A,51
C12orf65,51
CCDC62,51
CDK2AP1,51
CLIP1,51
CLIP1-AS1,51
DDX55,51
DENR,51
DIABLO,51
DNAH10,51
EIF2B1,51
GTF2H3,51
HCAR1,51
HCAR2,51
HCAR3,51
HIP1R,51
IL31,51
KMT5A,51
KNTC1,51
LOC100506691,51
LOC101593348,51
LRRC43,51
MIR3908,51
MIR4304,51
MIR8072,51
MIR9902-1,51
MIR9902-2,51
MLXIP,51
MPHOSPH9,51
OGFOD2,51
PITPNM2,51
PITPNM2-AS1,51
PSMD9,51
RILPL1,51
RILPL2,51
RSRC2,51
SBNO1,51
SBNO1-AS1,51
SNORA9B,51
SNRNP35,51
TCTN2,51
TMED2,51
TMED2-DT,51
VPS33A,51
VPS37B,51
WDR66,51
ZCCHC8,51
ANHX,52
ANKLE2,52
CHFR,52
DDX51,52
EP400,52
EP400P1,52
FBRSL1,52
GALNT9,52
GOLGA3,52
LINC02361,52
LINC02414,52
LOC100130238,52
LOC101928416,52
LOC101928530,52
LOC101928597,52
LRCOL1,52
MIR6763,52
MMP17,52
NOC4L,52
P2RX2,52
PGAM5,52
POLE,52
PUS1,52
PXMP2,52
SFSWAP,52
SNORA49,52
ULK1,52
ZNF10,52
ZNF140,52
ZNF26,52
ZNF268,52
ZNF605,52
ZNF84,52
ZNF891,52
ARL11,53
CAB39L,53
CDADC1,53
CTAGE10P,53
CYSLTR2,53
DLEU1,53
DLEU2,53
EBPL,53
FNDC3A,53
KCNRG,53
KPNA3,53
LINC00462,53
LOC105370203,53
LPAR6,53
MIR15A,53
MIR16-1,53
MIR3613,53
MLNR,53
PHF11,53
RB1,53
RCBTB1,53
RCBTB2,53
SETDB2,53
SETDB2-PHF11,53
SPRYD7,53
ST13P4,53
TRIM13,53
FARP1,54
HS6ST3,54
IPO5,54
LINC00359,54
LINC00456,54
MBNL2,54
MIR3170,54
MIR4501,54
OXGR1,54
RAP2A,54
RNF113B,54
CLEC14A,55
FOXA1,55
LINC00517,55
MIPOL1,55
MIR4503,55
NKX2-1,55
NKX2-1-AS1,55
NKX2-8,55
PAX9,55
SLC25A21,55
SLC25A21-AS1,55
SSTR1,55
TTC6,55
ATG14,56
BMP4,56
CDKN3,56
CGRRF1,56
CNIH1,56
DLGAP5,56
FBXO34,56
GCH1,56
GMFB,56
KTN1,56
KTN1-AS1,56
LGALS3,56
LINC00520,56
MAPK1IP1L,56
MIR4308,56
MIR5580,56
RPL13AP3,56
SAMD4A,56
SOCS4,56
TBPL2,56
WDHD1,56
ABCD4,57
ACYP1,57
ALDH6A1,57
AREL1,57
BATF,57
BBOF1,57
COQ6,57
DLST,57
EIF2B2,57
ENTPD5,57
ERG28,57
FAM161B,57
FCF1,57
FLVCR2,57
FOS,57
ISCA2,57
JDP2,57
LIN52,57
LINC01220,57
LOC102724153,57
LTBP2,57
MIR4709,57
MLH3,57
NEK9,57
NPC2,57
PGF,57
PROX2,57
RPS6KL1,57
SYNDIG1L,57
TMED10,57
TTLL5,57
VRTN,57
VSX2,57
YLPM1,57
ZC2HC1C,57
ZNF410,57
EML5,58
GALC,58
GPR65,58
KCNK10,58
LINC01146,58
LINC01147,58
LINC02330,58
PTPN21,58
SPATA7,58
TTC8,58
ZC3H14,58
C2CD4A,59
C2CD4B,59
GOLGA2P11,59
LINC02349,59
LOC101928907,59
LOC107984784,59
MGC15885,59
MIR6085,59
MIR8067,59
RORA,59
TLN2,59
VPS13C,59
ABCC6P1,60
ARL6IP1,60
CCP110,60
CLEC19A,60
COQ7,60
GDE1,60
GPR139,60
GPRC5B,60
IQCK,60
ITPRIPL2,60
KNOP1,60
LOC100288162,60
LOC102723385,60
MIR3179-1,60
MIR3179-2,60
MIR3179-3,60
MIR3179-4,60
MIR3180-1,60
MIR3180-2,60
MIR3180-3,60
MIR3670-1,60
MIR3670-2,60
MIR3670-3,60
MIR3670-4,60
MIR6511A1,60
MIR6511A2,60
MIR6511A3,60
MIR6511A4,60
MIR6770-1,60
MIR6770-2,60
MIR6770-3,60
NOMO2,60
NPIPA7,60
NPIPA8,60
PKD1P4-NPIPA8,60
PKD1P5-LOC105376752,60
RPS15A,60
SMG1,60
SYT17,60
TMC5,60
TMC7,60
VPS35L,60
APOBR,61
ASPHD1,61
ATP2A1,61
ATP2A1-AS1,61
ATXN2L,61
BOLA2,61
BOLA2B,61
BOLA2-SMG1P6,61
C16orf54,61
CD19,61
CDIPT,61
CDIPTOSP,61
CLN3,61
EIF3C,61
EIF3CL,61
GSG1L,61
IL27,61
KCTD13,61
KIF22,61
LAT,61
LOC388242,61
LOC606724,61
LOC613038,61
MAZ,61
MIR3680-1,61
MIR3680-2,61
MIR4517,61
MIR4721,61
MIR6862-1,61
MIR6862-2,61
MVP,61
NFATC2IP,61
NPIPB11,61
NPIPB12,61
NPIPB6,61
NPIPB8,61
NPIPB9,61
NUPR1,61
PAGR1,61
PRRT2,61
QPRT,61
RABEP2,61
RRN3P2,61
SBK1,61
SEZ6L2,61
SGF29,61
SH2B1,61
SLX1A,61
SLX1A-SULT1A3,61
SLX1B,61
SLX1B-SULT1A4,61
SMG1P2,61
SMG1P6,61
SNX29P2,61
SPN,61
SPNS1,61
SULT1A1,61
SULT1A2,61
SULT1A3,61
SULT1A4,61
TUFM,61
XPO6,61
ZG16,61
AHSP,62
ALDOA,62
ARMC5,62
BCKDK,62
BCL7C,62
BOLA2,62
BOLA2B,62
C16orf58,62
C16orf92,62
CCDC189,62
CD2BP2,62
CLUHP3,62
CORO1A,62
COX6A2,62
CTF1,62
DCTPP1,62
DOC2A,62
FBRS,62
FBXL19,62
FBXL19-AS1,62
FRG2KP,62
FUS,62
GDPD3,62
HIRIP3,62
HSD3B7,62
INO80E,62
ITGAD,62
ITGAL,62
ITGAM,62
ITGAX,62
KAT8,62
LINC02190,62
LOC101928595,62
LOC112694756,62
LOC388242,62
LOC606724,62
LOC613038,62
LOC730183,62
MAPK3,62
MIR4518,62
MIR4519,62
MIR762,62
MIR762HG,62
MYLPF,62
NPIPB12,62
NPIPB13,62
ORAI3,62
PHKG2,62
PPP4C,62
PRR14,62
PRSS36,62
PRSS53,62
PRSS8,62
PYCARD,62
PYCARD-AS1,62
PYDC1,62
RNF40,62
SEPHS2,62
SEPTIN1,62
SETD1A,62
SLC5A2,62
SLX1A,62
SLX1A-SULT1A3,62
SLX1B,62
SLX1B-SULT1A4,62
SMG1P5,62
SNORA30,62
SNORA80C,62
SRCAP,62
STX1B,62
STX4,62
SULT1A3,62
SULT1A4,62
TAOK2,62
TBC1D10B,62
TBX6,62
TGFB1I1,62
TLCD3B,62
TMEM219,62
TMEM265,62
TRIM72,62
VKORC1,62
VN1R3,62
YBX3P1,62
YPEL3,62
ZNF267,62
ZNF48,62
ZNF629,62
ZNF646,62
ZNF668,62
ZNF688,62
ZNF689,62
ZNF720,62
ZNF747,62
ZNF764,62
ZNF768,62
ZNF771,62
ZNF785,62
ZNF843,62
ADCY7,63
BRD7,63
CNEP1R1,63
CYLD,63
HEATR3,63
LINC02127,63
LINC02168,63
LINC02178,63
LOC101927272,63
MIR3181,63
MIR6771,63
NKD1,63
NOD2,63
SALL1,63
SNX20,63
TENT4B,63
ZNF423,63
AKTIP,64
C16orf97,64
CASC16,64
CASC22,64
CHD9,64
LINC00919,64
LINC01571,64
LINC02180,64
LOC102723373,64
LOC105371267,64
LOC643802,64
RBL2,64
RPGRIP1L,64
TOX3,64
AKTIP,65
C16orf97,65
CASC16,65
CASC22,65
CHD9,65
FTO,65
LINC00919,65
LINC02180,65
LOC102723373,65
LOC105371267,65
LOC643802,65
RBL2,65
RPGRIP1L,65
TOX3,65
ACADVL,66
ACAP1,66
ALOX12,66
ALOX12-AS1,66
ALOX12B,66
ALOX12P2,66
ALOX15B,66
ALOX15P1,66
ALOXE3,66
ARHGEF15,66
ASGR1,66
ASGR2,66
ATP1B2,66
AURKB,66
BCL6B,66
BORCS6,66
C17orf100,66
C17orf49,66
CD68,66
CHD3,66
CHRNB1,66
CLDN7,66
CLEC10A,66
CNTROB,66
CTC1,66
CTDNEP1,66
CYB5D1,66
DLG4,66
DNAH2,66
DVL2,66
EFNB3,66
EIF4A1,66
EIF5A,66
ELP5,66
FBXO39,66
FGF11,66
FXR2,66
GABARAP,66
GPS2,66
GUCY2D,66
HES7,66
KCNAB3,66
KCTD11,66
KDM6B,66
KIAA0753,66
KRBA2,66
LINC00324,66
LOC100128288,66
LOC100996842,66
MED31,66
MIR195,66
MIR324,66
MIR4314,66
MIR4520-1,66
MIR4520-2,66
MIR4521,66
MIR497,66
MIR497HG,66
MIR6883,66
MPDU1,66
NAA38,66
NDEL1,66
NEURL4,66
NLGN2,66
ODF4,66
PER1,66
PFAS,66
PHF23,66
PITPNM3,66
PLSCR3,66
POLR2A,66
RANGRF,66
RNASEK,66
RNASEK-C17orf49,66
RNF222,66
RNF227,66
RPL26,66
RPL29P2,66
SAT2,66
SCARNA21,66
SENP3,66
SENP3-EIF4A1,66
SHBG,66
SLC13A5,66
SLC16A11,66
SLC16A13,66
SLC25A35,66
SLC2A4,66
SLC35G6,66
SNORA48,66
SNORA67,66
SNORD10,66
SNORD118,66
SOX15,66
SPEM1,66
SPEM2,66
SPEM3,66
TEKT1,66
TMEM102,66
TMEM107,66
TMEM256,66
TMEM256-PLSCR3,66
TMEM88,66
TMEM95,66
TNFSF12,66
TNFSF12-TNFSF13,66
TNFSF13,66
TNK1,66
TP53,66
TRAPPC1,66
TXNDC17,66
VAMP2,66
WRAP53,66
XAF1,66
YBX2,66
ZBTB4,66
AARSD1,67
ACLY,67
AOC2,67
AOC3,67
AOC4P,67
ARL4D,67
ATP6V0A1,67
BECN1,67
BRCA1,67
C17orf113,67
CAVIN1,67
CCDC200,67
CCR10,67
CNP,67
CNTD1,67
CNTNAP1,67
COA3,67
COASY,67
DHX58,67
DHX8,67
DNAJC7,67
EIF1,67
ETV4,67
EZH1,67
FKBP10,67
G6PC,67
GAST,67
GHDC,67
HAP1,67
HCRT,67
HSD17B1,67
HSPB9,67
IFI35,67
JUP,67
KAT2A,67
KCNH4,67
KLHL10,67
KLHL11,67
KRT14,67
KRT16,67
KRT17,67
KRT42P,67
LINC00671,67
LINC00910,67
LOC101929767,67
LOC108783654,67
MEOX1,67
MIR2117,67
MIR2117HG,67
MIR5010,67
MIR548AT,67
MIR6780A,67
MIR6781,67
MLX,67
NAGLU,67
NBR1,67
NBR2,67
NKIRAS2,67
NT5C3B,67
P3H4,67
PLEKHH3,67
PSMC3IP,67
PSME3,67
PTGES3L,67
PTGES3L-AARSD1,67
RAB5C,67
RAMP2,67
RAMP2-AS1,67
RETREG3,67
RND2,67
RPL27,67
RUNDC1,67
STAT3,67
STAT5A,67
STAT5B,67
TMEM106A,67
TTC25,67
TUBG1,67
TUBG2,67
VAT1,67
VPS25,67
WNK4,67
ZNF385C,67
ACBD4,68
ADAM11,68
ARL4D,68
ASB16,68
ASB16-AS1,68
ATXN7L3,68
C17orf53,68
C1QL1,68
CCDC103,68
CCDC200,68
CCDC43,68
CD300LG,68
CFAP97D1,68
DBF4B,68
DCAKD,68
DHX8,68
DUSP3,68
EFTUD2,68
ETV4,68
FAM171A2,68
FAM187A,68
FAM215A,68
FMNL1,68
FZD2,68
G6PC3,68
GFAP,68
GJC1,68
GPATCH8,68
GRN,68
HDAC5,68
HEXIM1,68
HEXIM2,68
HIGD1B,68
ITGA2B,68
KIF18B,68
LINC00910,68
LINC01180,68
LINC01976,68
LOC101929767,68
LOC105371789,68
LOC105371795,68
LOC339192,68
LSM12,68
MAP3K14,68
MAP3K14-AS1,68
MEIOC,68
MEOX1,68
MIR2117,68
MIR2117HG,68
MIR6782,68
MIR6783,68
MIR6784,68
MPP2,68
MPP3,68
NAGS,68
NBR1,68
NBR2,68
NMT1,68
PLCD3,68
PPY,68
PYY,68
RUNDC3A,68
RUNDC3A-AS1,68
SLC25A39,68
SLC4A1,68
SOST,68
SPATA32,68
TMEM101,68
TMEM106A,68
TMUB2,68
UBTF,68
ACBD4,69
ADAM11,69
ARHGAP27,69
ARL17A,69
ARL17B,69
C1QL1,69
CCDC103,69
CCDC43,69
CRHR1,69
DBF4B,69
DCAKD,69
EFTUD2,69
FAM187A,69
FMNL1,69
GFAP,69
GJC1,69
HEXIM1,69
HEXIM2,69
HIGD1B,69
KANSL1,69
KANSL1-AS1,69
KIF18B,69
LINC02210,69
LINC02210-CRHR1,69
LOC105371795,69
LOC339192,69
LRRC37A,69
LRRC37A2,69
LRRC37A4P,69
MAP3K14,69
MAP3K14-AS1,69
MAPK8IP1P2,69
MAPT,69
MAPT-AS1,69
MAPT-IT1,69
MEIOC,69
MIR4315-1,69
MIR4315-2,69
MIR6783,69
MIR6784,69
NMT1,69
NSF,69
NSFP1,69
PLCD3,69
PLEKHM1,69
SPATA32,69
SPPL2C,69
STH,69
ARL17A,70
ARL17B,70
CDC27,70
CRHR1,70
EFCAB13,70
GOSR2,70
ITGB3,70
KANSL1,70
KANSL1-AS1,70
KPNB1,70
LINC02210-CRHR1,70
LRRC37A,70
LRRC37A2,70
MAPT,70
MAPT-AS1,70
MAPT-IT1,70
MIR5089,70
MRPL45P2,70
MYL4,70
NPEPPS,70
NSF,70
NSFP1,70
RPRML,70
SPPL2C,70
STH,70
TBKBP1,70
TBX21,70
THCAT158,70
WNT3,70
WNT9B,70
BCAS3,71
BRIP1,71
C17orf82,71
EFCAB3,71
INTS2,71
LOC101927855,71
LOC101927877,71
LOC105371855,71
MARCH10,71
MED13,71
METTL2A,71
MRC2,71
NACA2,71
TBC1D3P2,71
TBX2,71
TBX2-AS1,71
TBX4,71
TLK2,71
AFMID,72
BIRC5,72
C17orf99,72
C1QTNF1,72
C1QTNF1-AS1,72
CANT1,72
CEP295NL,72
CYTH1,72
DNAH17,72
DNAH17-AS1,72
ENGASE,72
LGALS3BP,72
LINC01973,72
LINC01987,72
LINC01993,72
LOC100507351,72
LOC101928674,72
LOC400622,72
PGS1,72
RBFOX3,72
SCAT1,72
SEPTIN9,72
SOCS3,72
SYNGR2,72
TIMP2,72
TK1,72
TMC6,72
TMC8,72
TMEM235,72
TNRC6C,72
TNRC6C-AS1,72
USP36,72
ASXL3,73
CCDC178,73
DTNA,73
KLHL14,73
NOL4,73
LINC00907,74
RIT2,74
SYT4,74
CFAP53,75
CXXC1,75
ELAC1,75
LINC01630,75
MAPK4,75
MBD1,75
ME2,75
MEX3C,75
MRO,75
MYO5B,75
SKA1,75
SMAD4,75
ABHD17A,76
ADAMTSL5,76
ADAT3,76
AMH,76
AP3D1,76
APC2,76
ATP8B3,76
BTBD2,76
C19orf25,76
CELF5,76
CSNK1G2,76
CSNK1G2-AS1,76
DAZAP1,76
DIRAS1,76
DOT1L,76
GADD45B,76
GAMT,76
GNA11,76
GNA15,76
GNG7,76
IZUMO4,76
JSRP1,76
KLF16,76
LINC01775,76
LINGO3,76
LMNB2,76
LOC100288123,76
LOC100996351,76
LSM7,76
MBD3,76
MEX3D,76
MIR1227,76
MIR1909,76
MIR4321,76
MIR6789,76
MIR7108,76
MIR7850,76
MKNK2,76
MOB3A,76
NCLN,76
NDUFS7,76
OAZ1,76
ONECUT3,76
PCSK4,76
PEAK3,76
PLEKHJ1,76
PLK5,76
PWWP3A,76
REEP6,76
REXO1,76
RPS15,76
S1PR4,76
SCAMP4,76
SF3A2,76
SGTA,76
SLC39A3,76
SPPL2B,76
TCF3,76
THOP1,76
TIMM13,76
TLE2,76
TLE5,76
TLE6,76
TMPRSS9,76
UQCR11,76
ZNF554,76
ZNF555,76
ZNF556,76
ZNF57,76
ZNF77,76
BMP2,77
CASC20,77
CDS2,77
CHGB,77
CRLS1,77
FERMT1,77
GPCPD1,77
LINC00654,77
LINC00658,77
LINC01713,77
LINC01729,77
LOC643406,77
LRRN4,77
MCM8,77
MCM8-AS1,77
PCNA,77
PCNA-AS1,77
PROKR2,77
SHLD1,77
TMEM230,77
TRMT6,77
CLDN14,78
DSCR10,78
DSCR4,78
DSCR8,78
DSCR9,78
DYRK1A,78
ERG,78
HLCS,78
KCNJ15,78
KCNJ6,78
LINC01423,78
LOC105372795,78
PIGP,78
RIPPLY3,78
SIM2,78
TTC3,78
TTC3-AS1,78
VPS26C,78
ADRA2A,prog1
BBIP1,prog1
DUSP5,prog1
GPAM,prog1
HEAT2,prog1
MIR4680,prog1
MIR548E,prog1
MXI1,prog1
PDCD4,prog1
PDCD4-AS1,prog1
RBM20,prog1
RPL13AP6,prog1
SHOC2,prog1
SMC3,prog1
SMNDC1,prog1
ABCA1,prog2
FKTN,prog2
FSD1L,prog2
NIPSNAP3A,prog2
NIPSNAP3B,prog2
OR13C2,prog2
OR13C3,prog2
OR13C4,prog2
OR13C5,prog2
OR13C8,prog2
OR13C9,prog2
OR13D1,prog2
OR13F1,prog2
RALGAPA1P1,prog2
SLC44A1,prog2
TAL2,prog2
TMEM38B,prog2